FD_THUMBNEAR	FD_THUMBFAR	FD_THUMBINDEX	FD_INDEXNEAR	FD_INDEXFAR	FD_INDEXMIDDLE	FD_MIDDLENEAR	FD_MIDDLEFAR	FD_MIDDLERING	FD_RINGNEAR	FD_RINGFAR	FD_RINGLITTLE	FD_LITTLENEAR	FD_LITTLEFAR	LATENCY
2457	3216	2423	2736	3069	3455	3531	2973	3311	3064	3012	3342	2988	2769	1.1068863002583385
2464	3215	2426	2815	3072	3461	3537	2991	3315	3067	3019	3351	2998	2767	1.1097436002455652
2462	3216	2425	2828	3073	3463	3541	2998	3320	3067	3022	3357	3006	2765	1.1258570002391934
2457	3215	2425	2832	3076	3466	3554	3006	3324	3072	3024	3367	3017	2763	1.1418818002566695
2454	3214	2423	2843	3083	3467	3561	3014	3327	3075	3029	3371	3021	2763	1.1578140002675354
2453	3215	2426	2858	3090	3470	3563	3019	3325	3078	3030	3374	3026	2760	1.1738462001085281
2453	3216	2430	2862	3096	3469	3567	3024	3328	3078	3031	3376	3029	2759	1.1897512003779411
2451	3215	2433	2863	3103	3472	3568	3024	3326	3079	3032	3376	3034	2756	1.2058991002850235
2450	3216	2435	2867	3107	3472	3569	3024	3331	3081	3033	3377	3039	2757	1.2217426002025604
2451	3215	2435	2871	3112	3473	3571	3024	3329	3080	3036	3376	3047	2756	1.237820700276643
2449	3214	2437	2874	3114	3473	3570	3025	3331	3082	3037	3375	3051	2754	1.2538261003792286
2448	3214	2438	2876	3118	3473	3570	3025	3331	3083	3040	3375	3053	2754	1.2697706003673375
2447	3214	2439	2874	3120	3471	3573	3029	3330	3082	3040	3374	3057	2752	1.2857967000454664
2446	3216	2439	2874	3119	3474	3571	3029	3330	3082	3043	3376	3056	2751	1.3018211000598967
2447	3215	2439	2878	3120	3472	3574	3029	3329	3084	3044	3375	3056	2752	1.3177692000754178
2447	3214	2438	2879	3121	3474	3571	3030	3332	3084	3045	3374	3058	2752	1.3338089999742806
2447	3215	2438	2882	3123	3473	3572	3030	3331	3084	3045	3376	3058	2752	1.3498021000996232
2446	3215	2438	2883	3125	3474	3573	3029	3333	3084	3047	3375	3060	2751	1.365786800161004
2446	3215	2438	2886	3125	3475	3574	3032	3333	3085	3048	3375	3060	2753	1.3817488001659513
2446	3215	2438	2886	3125	3475	3574	3033	3334	3085	3050	3376	3061	2753	1.3897986002266407
2447	3215	2439	2887	3126	3475	3576	3036	3334	3084	3051	3376	3061	2753	1.4057920002378523
2447	3213	2438	2891	3129	3474	3575	3033	3336	3084	3052	3376	3061	2751	1.4218363002873957
2444	3212	2438	2892	3129	3475	3577	3034	3339	3084	3052	3377	3063	2753	1.4377691000699997
2446	3215	2437	2892	3129	3475	3577	3035	3337	3085	3053	3376	3063	2752	1.4537432002834976
2445	3213	2437	2892	3130	3477	3576	3037	3338	3086	3054	3376	3063	2755	1.4697585003450513
2445	3215	2437	2890	3131	3477	3577	3039	3338	3085	3055	3376	3063	2757	1.4857748001813889
2444	3214	2434	2891	3132	3477	3577	3040	3339	3084	3056	3374	3064	2756	1.501805600244552
2446	3215	2435	2891	3133	3476	3576	3039	3339	3084	3057	3375	3065	2758	1.5177776999771595
2445	3215	2435	2891	3132	3478	3576	3041	3338	3086	3057	3374	3064	2757	1.5337464003823698
2446	3215	2433	2889	3131	3477	3576	3041	3338	3085	3055	3376	3065	2758	1.5498038004152477
2445	3214	2432	2888	3132	3476	3576	3042	3339	3084	3057	3373	3064	2758	1.5657273000106215
2445	3215	2433	2890	3130	3476	3577	3042	3337	3084	3055	3374	3065	2758	1.5817308002151549
2443	3217	2433	2889	3131	3476	3577	3042	3338	3084	3057	3374	3066	2759	1.5977458003908396
2442	3214	2433	2887	3130	3477	3580	3043	3340	3086	3056	3373	3064	2759	1.6137410001829267
2440	3215	2432	2877	3119	3473	3574	3040	3339	3084	3061	3374	3063	2760	1.629791600164026
2439	3216	2428	2863	3115	3467	3575	3036	3340	3083	3065	3373	3062	2765	1.645743700210005
2440	3213	2426	2838	3093	3459	3571	3028	3341	3084	3072	3373	3060	2768	1.661821300163865
2439	3214	2424	2813	3071	3449	3565	3021	3339	3081	3087	3372	3063	2773	1.677765800151974
2439	3214	2422	2785	3036	3440	3552	2999	3335	3083	3094	3371	3065	2782	1.693752100225538
2439	3216	2422	2760	2990	3434	3539	2963	3329	3084	3090	3371	3063	2786	1.7097551999613643
2439	3216	2422	2760	2990	3434	3539	2923	3323	3085	3095	3370	3061	2791	1.7177703003399074
2439	3215	2416	2738	2944	3431	3531	2883	3312	3088	3096	3372	3064	2792	1.7337664002552629
2441	3216	2415	2720	2916	3424	3521	2864	3297	3093	3096	3372	3066	2797	1.7497546002268791
2441	3217	2416	2683	2891	3410	3514	2863	3268	3100	3099	3374	3071	2800	1.7658071001060307
2445	3219	2423	2623	2865	3392	3501	2870	3221	3111	3098	3374	3072	2802	1.7817416000179946
2447	3223	2430	2548	2839	3351	3472	2871	3204	3120	3113	3375	3071	2808	1.7977443002164364
2452	3228	2436	2504	2819	3313	3459	2854	3179	3126	3120	3377	3070	2816	1.813737400341779
2455	3228	2440	2482	2803	3299	3454	2844	3162	3135	3162	3375	3069	2827	1.8297442002221942
2455	3230	2449	2469	2805	3282	3451	2851	3135	3140	3179	3374	3068	2834	1.8457479001954198
2459	3232	2451	2453	2808	3266	3446	2859	3110	3144	3186	3371	3068	2845	1.8617360000498593
2464	3236	2451	2439	2811	3250	3441	2858	3085	3145	3188	3366	3062	2857	1.877728700172156
2472	3235	2450	2412	2804	3226	3436	2851	3058	3148	3193	3365	3058	2864	1.8937606001272798
2475	3230	2451	2402	2795	3200	3433	2833	3029	3151	3194	3360	3053	2875	1.9097756003029644
2476	3230	2450	2404	2773	3192	3434	2796	3024	3154	3183	3352	3050	2877	1.925773300230503
2478	3231	2454	2392	2731	3184	3439	2768	3007	3155	3172	3354	3044	2878	1.94176260009408
2479	3227	2455	2386	2709	3168	3435	2771	2987	3156	3158	3353	3036	2880	1.9577916003763676
2484	3224	2453	2381	2703	3155	3429	2780	2960	3156	3152	3351	3027	2880	1.973737200256437
2491	3221	2452	2380	2690	3144	3417	2785	2940	3159	3146	3355	3023	2879	1.9897358999587595
2492	3215	2452	2381	2685	3136	3413	2789	2924	3158	3137	3353	3018	2874	2.005734400358051
2495	3214	2453	2380	2685	3130	3407	2788	2912	3156	3129	3352	3012	2874	2.021796100307256
2498	3211	2456	2376	2681	3122	3405	2791	2897	3158	3129	3353	3005	2872	2.037880400195718
2498	3211	2456	2376	2681	3122	3405	2793	2888	3156	3134	3358	2996	2877	2.0458389003761113
2501	3204	2460	2366	2679	3115	3398	2797	2872	3155	3141	3361	2991	2880	2.061758200172335
2503	3200	2464	2358	2678	3108	3392	2798	2858	3154	3150	3363	2988	2883	2.077757100109011
2502	3199	2464	2353	2677	3097	3389	2800	2843	3156	3159	3365	2988	2887	2.093733500223607
2503	3198	2465	2350	2673	3089	3385	2802	2831	3156	3171	3368	2985	2890	2.109782500192523
2499	3197	2466	2343	2673	3077	3381	2806	2820	3155	3178	3370	2982	2893	2.1257826001383364
2500	3195	2465	2337	2672	3070	3377	2809	2806	3155	3185	3373	2978	2897	2.1417270000092685
2499	3192	2467	2327	2676	3060	3378	2815	2795	3157	3189	3375	2977	2903	2.157754100393504
2501	3193	2469	2319	2676	3050	3374	2818	2775	3157	3193	3375	2977	2913	2.1737830000929534
2500	3192	2468	2317	2675	3043	3373	2823	2766	3156	3200	3377	2976	2918	2.189749500248581
2501	3193	2468	2312	2676	3032	3372	2822	2764	3155	3202	3378	2974	2921	2.2057545999996364
2504	3192	2465	2308	2672	3025	3372	2823	2757	3155	3202	3381	2972	2923	2.2218226003460586
2503	3192	2464	2297	2671	3019	3372	2824	2751	3156	3206	3385	2972	2925	2.237835000269115
2504	3190	2465	2293	2671	3011	3372	2823	2743	3154	3210	3383	2972	2928	2.2537926002405584
2505	3190	2466	2291	2671	3007	3372	2823	2742	3154	3215	3384	2970	2932	2.2697466001845896
2506	3192	2465	2289	2670	3007	3373	2822	2743	3154	3216	3381	2970	2932	2.285798200406134
2506	3191	2464	2287	2671	3009	3372	2822	2743	3152	3215	3380	2967	2928	2.3017919999547303
2506	3193	2465	2285	2671	3009	3372	2821	2745	3153	3217	3381	2966	2933	2.3177294000051916
2507	3193	2465	2286	2671	3011	3373	2817	2744	3152	3216	3377	2966	2932	2.3337559001520276
2506	3191	2463	2287	2672	3015	3371	2819	2744	3152	3219	3375	2965	2935	2.349757700227201
2505	3192	2462	2288	2672	3021	3371	2818	2747	3151	3221	3376	2966	2937	2.3657806999981403
2507	3194	2461	2287	2671	3023	3373	2814	2752	3151	3223	3374	2966	2936	2.3817610000260174
2507	3194	2461	2287	2671	3023	3373	2812	2756	3151	3224	3375	2966	2934	2.389856300316751
2506	3191	2463	2285	2672	3024	3373	2815	2752	3151	3222	3376	2966	2930	2.405789399985224
2507	3193	2461	2287	2673	3028	3373	2812	2751	3151	3222	3374	2964	2927	2.4218005002476275
2509	3192	2461	2286	2671	3033	3373	2811	2755	3151	3222	3375	2964	2925	2.437837000004947
2506	3193	2457	2287	2674	3052	3374	2806	2762	3151	3221	3374	2964	2922	2.4537744000554085
2506	3192	2456	2291	2678	3066	3375	2803	2765	3149	3219	3375	2963	2914	2.4697547000832856
2505	3193	2457	2293	2676	3080	3373	2801	2765	3151	3214	3375	2963	2898	2.4858360001817346
2504	3196	2455	2295	2679	3088	3374	2800	2765	3150	3207	3375	2964	2885	2.501787000335753
2505	3199	2451	2296	2679	3098	3376	2799	2764	3151	3194	3376	2965	2867	2.5177231002599
2505	3207	2448	2297	2684	3114	3376	2797	2763	3151	3181	3377	2971	2855	2.533771499991417
2502	3214	2441	2295	2687	3123	3377	2794	2764	3155	3166	3379	2977	2839	2.5497280000708997
2498	3216	2440	2284	2693	3139	3379	2786	2763	3158	3130	3384	2983	2831	2.565762000158429
2492	3217	2443	2281	2699	3154	3381	2771	2778	3161	3121	3392	2987	2816	2.5817699003964663
2486	3215	2439	2275	2701	3168	3381	2769	2778	3162	3118	3404	2985	2803	2.5977235003374517
2479	3213	2431	2266	2701	3169	3380	2764	2773	3159	3118	3409	2981	2794	2.613752900157124
2477	3212	2425	2260	2705	3173	3380	2760	2778	3152	3117	3414	2977	2774	2.6297662002034485
2474	3212	2425	2261	2707	3176	3383	2751	2789	3148	3118	3414	2971	2766	2.6457665003836155
2470	3212	2430	2263	2709	3181	3385	2743	2795	3145	3120	3415	2978	2758	2.6617753002792597
2465	3211	2444	2264	2708	3179	3386	2737	2798	3146	3120	3416	2985	2746	2.6777576003223658
2462	3210	2452	2266	2705	3170	3386	2737	2788	3145	3122	3420	2989	2742	2.6937671001069248
2462	3210	2452	2266	2705	3170	3386	2738	2777	3145	3128	3420	2993	2737	2.7017575004138052
2458	3211	2460	2268	2701	3167	3388	2742	2769	3144	3133	3420	2997	2738	2.7177725001238286
2457	3209	2465	2267	2697	3167	3386	2741	2765	3144	3145	3423	3004	2739	2.7338119000196457
2453	3209	2469	2269	2692	3161	3386	2744	2754	3144	3151	3423	3007	2742	2.749753599986434
2450	3210	2474	2267	2686	3158	3386	2751	2740	3143	3157	3421	3007	2741	2.7657525003887713
2451	3207	2475	2267	2681	3153	3384	2754	2729	3142	3166	3420	3007	2744	2.7817267002537847
2451	3206	2477	2266	2680	3153	3383	2760	2720	3140	3173	3417	3003	2745	2.7978336000815034
2450	3208	2479	2263	2679	3151	3381	2763	2708	3136	3181	3412	3000	2749	2.8137279003858566
2451	3205	2478	2263	2680	3152	3378	2765	2702	3136	3183	3413	2999	2752	2.829790800344199
2451	3209	2479	2262	2679	3151	3379	2766	2697	3135	3186	3416	2999	2752	2.845751500222832
2450	3208	2479	2260	2679	3147	3378	2766	2688	3138	3189	3416	2996	2753	2.8617702000774443
2450	3209	2480	2260	2679	3140	3378	2771	2679	3135	3191	3419	2994	2753	2.877779500093311
2450	3207	2480	2257	2673	3133	3377	2772	2673	3137	3194	3420	2996	2754	2.8937663002870977
2448	3207	2477	2257	2669	3129	3378	2774	2668	3137	3195	3420	2995	2755	2.9098062003031373
2450	3209	2479	2254	2669	3121	3377	2773	2665	3136	3197	3421	2995	2760	2.92578100040555
2451	3210	2479	2252	2671	3118	3375	2776	2661	3138	3196	3422	2997	2756	2.941778799984604
2449	3208	2479	2251	2672	3114	3376	2779	2657	3136	3198	3421	2994	2756	2.9577573002316058
2450	3208	2478	2250	2671	3108	3375	2784	2653	3136	3198	3418	2994	2757	2.9737350000068545
2452	3209	2478	2250	2669	3107	3374	2786	2653	3134	3197	3418	2995	2755	2.9897696003317833
2451	3211	2479	2250	2668	3109	3376	2787	2645	3136	3197	3416	2997	2757	3.005818100180477
2449	3209	2479	2250	2669	3114	3375	2787	2644	3139	3197	3415	2999	2757	3.0217624003998935
2451	3208	2478	2248	2671	3116	3374	2788	2642	3139	3196	3416	2998	2753	3.037736300379038
2451	3208	2478	2248	2671	3116	3374	2787	2643	3139	3197	3418	2997	2753	3.0457605002447963
2452	3210	2478	2248	2671	3116	3373	2791	2640	3137	3196	3422	2998	2752	3.0618438003584743
2450	3211	2478	2246	2671	3117	3374	2793	2638	3137	3196	3421	2995	2754	3.0777354002930224
2449	3212	2478	2246	2668	3115	3374	2793	2636	3138	3197	3422	2997	2754	3.0937512000091374
2450	3210	2479	2246	2670	3118	3375	2792	2636	3139	3196	3425	2999	2753	3.1097488002851605
2450	3211	2478	2246	2670	3122	3375	2790	2637	3143	3197	3425	2998	2752	3.125793100334704
2450	3211	2478	2247	2669	3125	3374	2790	2636	3143	3195	3424	2999	2754	3.1417649001814425
2448	3211	2479	2247	2671	3130	3376	2790	2635	3138	3196	3423	2998	2751	3.1577423000708222
2449	3212	2478	2247	2667	3131	3373	2790	2635	3138	3195	3421	2998	2751	3.1737567000091076
2449	3212	2478	2248	2666	3134	3374	2786	2639	3139	3196	3420	2997	2751	3.1897803000174463
2450	3212	2478	2249	2667	3136	3374	2786	2638	3139	3194	3419	2999	2749	3.205743500031531
2448	3209	2479	2246	2667	3134	3376	2788	2636	3140	3195	3420	2999	2749	3.221772199962288
2447	3212	2477	2244	2669	3135	3375	2787	2636	3139	3196	3420	3000	2750	3.23775830026716
2448	3212	2477	2246	2664	3134	3374	2787	2635	3139	3195	3419	3000	2749	3.253742600325495
2449	3212	2477	2246	2665	3134	3375	2787	2636	3140	3196	3419	3001	2751	3.269869599957019
2448	3213	2476	2249	2664	3134	3374	2788	2636	3140	3198	3419	3000	2752	3.2857529004104435
2448	3210	2478	2249	2664	3139	3375	2785	2638	3140	3198	3418	3002	2751	3.301799800246954
2450	3212	2477	2249	2666	3140	3377	2780	2639	3141	3195	3419	3003	2749	3.3177202004007995
2449	3213	2478	2248	2666	3140	3374	2778	2640	3141	3195	3420	3002	2746	3.3337628999724984
2448	3211	2476	2246	2666	3141	3375	2781	2641	3139	3194	3419	2999	2747	3.3497382001951337
2448	3211	2476	2246	2666	3141	3375	2780	2641	3139	3194	3419	3000	2748	3.357771700248122
2448	3213	2476	2248	2664	3143	3375	2778	2645	3140	3195	3417	3000	2748	3.3737539001740515
2447	3212	2476	2249	2665	3143	3376	2774	2646	3140	3195	3417	3004	2751	3.389728100039065
2449	3213	2477	2250	2665	3144	3376	2772	2649	3142	3197	3422	3003	2751	3.405759900342673
2448	3214	2477	2249	2664	3142	3376	2773	2647	3142	3199	3423	3004	2753	3.421786400023848
2447	3213	2476	2249	2665	3142	3376	2772	2650	3141	3196	3426	3003	2751	3.437806600239128
2449	3214	2476	2250	2665	3144	3376	2772	2656	3141	3196	3425	3003	2753	3.4538740003481507
2450	3212	2476	2249	2666	3146	3375	2767	2665	3140	3193	3420	2999	2753	3.4697529999539256
2447	3212	2475	2250	2668	3146	3375	2767	2672	3139	3193	3418	2997	2751	3.485820300411433
2447	3214	2476	2250	2669	3146	3376	2764	2679	3139	3189	3418	2995	2751	3.501753299962729
2448	3214	2474	2250	2671	3148	3375	2762	2681	3137	3186	3418	2995	2751	3.5177649999968708
2447	3214	2474	2252	2672	3148	3377	2759	2688	3140	3185	3422	2997	2751	3.5337756001390517
2448	3214	2473	2253	2674	3150	3379	2756	2698	3138	3185	3420	2996	2751	3.5497682001441717
2447	3214	2472	2258	2683	3155	3377	2744	2718	3139	3181	3421	2998	2752	3.5657921000383794
2447	3216	2470	2263	2687	3168	3378	2735	2757	3142	3176	3418	3002	2751	3.581754000391811
2448	3219	2469	2264	2691	3181	3380	2727	2786	3144	3169	3416	3004	2750	3.5977818001993
2447	3219	2468	2265	2689	3185	3380	2720	2802	3145	3165	3414	3001	2752	3.613738900050521
2448	3219	2469	2264	2687	3185	3383	2716	2812	3142	3159	3409	2993	2750	3.6297470000572503
2447	3221	2469	2264	2689	3186	3382	2710	2830	3138	3152	3406	2977	2738	3.64574440009892
2448	3218	2472	2261	2689	3187	3381	2706	2851	3131	3136	3393	2955	2727	3.6617435002699494
2450	3214	2474	2261	2689	3184	3382	2703	2863	3125	3132	3390	2943	2724	3.6778052002191544
2450	3214	2474	2261	2689	3184	3382	2702	2870	3125	3128	3391	2940	2722	3.6857591001316905
2448	3215	2476	2263	2689	3188	3385	2704	2873	3125	3122	3392	2934	2719	3.7017724001780152
2447	3200	2478	2263	2688	3190	3386	2700	2882	3123	3110	3389	2927	2707	3.717759100254625
2453	3193	2478	2265	2688	3195	3387	2695	2903	3121	3085	3381	2914	2686	3.7338010002858937
2467	3188	2475	2265	2687	3204	3383	2688	2927	3115	3045	3366	2896	2639	3.7497763000428677
2485	3181	2469	2265	2691	3214	3387	2682	2948	3098	2986	3325	2874	2570	3.765748200006783
2514	3174	2468	2264	2693	3217	3387	2681	2975	3084	2900	3269	2856	2504	3.7818154003471136
2533	3171	2470	2263	2692	3223	3386	2679	3012	3068	2791	3198	2826	2461	3.7977440003305674
2552	3169	2490	2264	2689	3236	3385	2671	3059	3053	2720	3125	2783	2439	3.813792500179261
2576	3172	2512	2262	2689	3245	3386	2665	3120	3052	2669	3064	2739	2419	3.829787699971348
2597	3175	2535	2263	2688	3258	3388	2657	3179	3057	2631	3039	2720	2412	3.8457297002896667
2608	3177	2547	2275	2692	3278	3387	2648	3216	3063	2612	3029	2708	2401	3.861751100048423
2615	3177	2564	2276	2693	3292	3389	2646	3246	3067	2605	3026	2700	2387	3.87776320008561
2623	3179	2574	2277	2694	3303	3389	2645	3264	3072	2602	3022	2693	2378	3.8938370002433658
2629	3178	2588	2277	2694	3306	3392	2644	3279	3078	2600	3010	2686	2367	3.909751099999994
2634	3178	2601	2275	2693	3306	3391	2644	3281	3085	2598	3003	2679	2358	3.925761400256306
2635	3179	2608	2270	2691	3281	3392	2646	3278	3088	2592	2994	2677	2350	3.9417673000134528
2640	3179	2618	2271	2690	3278	3392	2652	3276	3091	2592	2985	2670	2346	3.957838300149888
2643	3181	2633	2268	2691	3276	3390	2656	3272	3095	2592	2968	2663	2337	3.973764100112021
2640	3180	2641	2265	2687	3275	3392	2659	3267	3098	2591	2958	2655	2325	3.9897825000807643
2640	3180	2651	2267	2687	3273	3393	2658	3264	3105	2591	2950	2646	2321	4.005783800035715
2640	3180	2651	2267	2687	3273	3393	2660	3263	3107	2588	2938	2644	2318	4.013819500338286
2640	3180	2666	2266	2688	3272	3392	2660	3202	3111	2557	2925	2639	2313	4.029745400417596
2639	3181	2672	2265	2688	3276	3392	2663	3193	3111	2555	2913	2637	2309	4.045746400021017
2630	3179	2680	2265	2688	3275	3392	2661	3186	3111	2551	2895	2635	2304	4.061760900076479
2628	3178	2689	2263	2684	3275	3393	2662	3178	3111	2551	2878	2631	2299	4.077735500410199
2625	3176	2696	2262	2684	3267	3392	2664	3163	3110	2557	2867	2628	2295	4.093720700126141
2625	3176	2699	2262	2682	3264	3393	2662	3151	3109	2560	2860	2626	2292	4.109849100001156
2625	3177	2705	2261	2682	3256	3389	2666	3142	3105	2560	2852	2626	2291	4.12585680000484
2623	3176	2706	2258	2678	3251	3389	2668	3135	3105	2561	2845	2625	2286	4.141836400143802
2624	3176	2707	2259	2678	3248	3391	2667	3132	3104	2562	2841	2623	2285	4.1577801001258194
2622	3176	2707	2257	2676	3244	3389	2669	3126	3100	2560	2837	2622	2282	4.173804800026119
2620	3175	2709	2257	2674	3241	3390	2669	3123	3099	2562	2837	2619	2283	4.1898072003386915
2619	3176	2708	2254	2673	3237	3390	2668	3120	3100	2564	2834	2618	2282	4.20575310010463
2617	3175	2710	2253	2672	3231	3390	2671	3117	3099	2563	2834	2618	2280	4.22176570026204
2616	3175	2709	2252	2672	3226	3392	2673	3116	3101	2561	2831	2617	2281	4.237831800244749
2618	3174	2710	2250	2670	3221	3392	2675	3114	3098	2560	2833	2616	2282	4.253755300305784
2616	3174	2710	2250	2671	3220	3392	2677	3115	3099	2560	2833	2616	2280	4.2697310000658035
2614	3172	2710	2249	2672	3220	3391	2673	3113	3098	2559	2833	2615	2278	4.285761800128967
2615	3175	2710	2248	2671	3221	3392	2676	3114	3099	2558	2833	2614	2278	4.301763500086963
2615	3173	2711	2248	2670	3223	3394	2676	3114	3098	2557	2832	2612	2277	4.317759199999273
2615	3173	2711	2248	2670	3223	3394	2675	3115	3099	2558	2832	2611	2277	4.325779000297189
2615	3172	2709	2247	2672	3226	3393	2675	3116	3097	2557	2832	2613	2277	4.341806000098586
2618	3173	2711	2248	2673	3228	3394	2675	3116	3097	2557	2831	2611	2277	4.35775570012629
2615	3172	2709	2248	2673	3230	3395	2674	3116	3097	2555	2832	2610	2278	4.373748100362718
2615	3172	2708	2248	2673	3233	3394	2674	3117	3098	2554	2834	2611	2278	4.389769200235605
2617	3172	2709	2247	2671	3230	3397	2676	3118	3101	2553	2832	2610	2277	4.405787900090218
2615	3171	2711	2246	2674	3232	3395	2674	3117	3099	2551	2831	2610	2277	4.421780900098383
2615	3172	2707	2246	2672	3237	3396	2673	3118	3098	2550	2832	2609	2277	4.437768800184131
2615	3170	2707	2248	2675	3241	3397	2672	3119	3097	2550	2833	2608	2276	4.4537341999821365
2614	3170	2705	2248	2675	3242	3396	2673	3120	3097	2549	2832	2610	2279	4.4697345001623034
2614	3171	2704	2250	2676	3243	3398	2672	3118	3096	2545	2833	2609	2278	4.485740700270981
2614	3172	2701	2249	2677	3241	3399	2673	3119	3098	2545	2834	2607	2279	4.501803600229323
2613	3171	2695	2248	2680	3243	3397	2670	3118	3096	2542	2833	2609	2279	4.517789100296795
2610	3169	2689	2249	2681	3243	3398	2671	3116	3096	2543	2833	2610	2281	4.533750900067389
2605	3166	2679	2249	2682	3245	3399	2668	3116	3095	2541	2833	2612	2282	4.549760700203478
2595	3164	2661	2250	2685	3250	3398	2667	3114	3093	2539	2836	2611	2285	4.565735100302845
2577	3160	2635	2246	2685	3261	3398	2662	3108	3093	2535	2844	2612	2285	4.581797400023788
2560	3160	2593	2242	2685	3267	3399	2661	3112	3093	2531	2855	2616	2291	4.597782200202346
2542	3162	2545	2245	2686	3275	3401	2658	3114	3090	2525	2864	2618	2297	4.613755100406706
2521	3169	2512	2251	2691	3282	3401	2657	3118	3087	2513	2875	2624	2305	4.6297360002063215
2508	3175	2482	2257	2695	3290	3403	2646	3120	3079	2507	2893	2638	2315	4.64573710039258
2508	3175	2482	2257	2695	3290	3403	2642	3126	3068	2502	2919	2659	2324	4.653798300307244
2493	3180	2466	2268	2696	3307	3401	2637	3143	3063	2500	2939	2683	2345	4.669787500053644
2483	3184	2457	2282	2698	3316	3403	2628	3158	3055	2511	2955	2700	2365	4.6857913001440465
2473	3187	2454	2301	2698	3331	3405	2628	3189	3054	2541	2971	2729	2400	4.701768100261688
2469	3194	2452	2316	2698	3344	3407	2629	3210	3050	2577	2971	2733	2435	4.717784400098026
2463	3195	2454	2326	2701	3355	3408	2636	3210	3050	2607	2971	2722	2452	4.733759300317615
2458	3198	2459	2330	2698	3350	3409	2640	3210	3049	2617	2979	2710	2461	4.749769700225443
2454	3198	2460	2340	2700	3354	3410	2638	3214	3049	2613	2986	2697	2453	4.765751200262457
2451	3199	2460	2333	2698	3353	3409	2637	3213	3047	2596	2978	2676	2441	4.7817467004060745
2451	3200	2467	2318	2692	3340	3404	2635	3202	3049	2568	2957	2657	2415	4.797776100225747
2448	3201	2475	2291	2690	3311	3397	2642	3183	3055	2539	2936	2640	2374	4.813734800089151
2446	3202	2477	2261	2685	3281	3393	2652	3157	3063	2515	2924	2632	2329	4.829770400188863
2445	3199	2480	2259	2682	3268	3390	2657	3138	3068	2509	2916	2622	2308	4.845750600099564
2446	3200	2482	2259	2678	3255	3390	2664	3123	3075	2509	2903	2616	2296	4.861835800111294
2444	3199	2481	2260	2675	3247	3388	2668	3118	3079	2511	2897	2615	2292	4.8777741002850235
2443	3200	2482	2262	2670	3246	3384	2669	3113	3084	2512	2892	2610	2288	4.893777100369334
2445	3200	2482	2263	2672	3243	3388	2670	3109	3084	2515	2889	2606	2291	4.9097593002952635
2443	3200	2483	2266	2670	3237	3386	2670	3097	3087	2517	2882	2607	2290	4.925755599979311
2444	3202	2484	2267	2670	3231	3383	2671	3092	3086	2520	2879	2607	2286	4.941751800011843
2444	3201	2486	2269	2669	3229	3383	2672	3088	3088	2524	2875	2607	2287	4.957776700146496
2443	3201	2486	2269	2669	3226	3383	2673	3087	3087	2525	2870	2606	2286	4.973777099978179
2443	3201	2486	2269	2669	3226	3383	2677	3085	3087	2527	2870	2608	2285	4.981743700336665
2444	3202	2487	2271	2671	3225	3382	2679	3085	3088	2528	2867	2607	2286	4.997736300341785
2446	3202	2488	2271	2672	3227	3383	2675	3085	3089	2526	2867	2609	2284	5.013748500030488
2445	3203	2491	2273	2673	3232	3383	2673	3086	3089	2526	2866	2609	2284	5.029734299983829
2444	3202	2491	2270	2672	3236	3383	2671	3086	3090	2527	2865	2606	2283	5.045729100238532
2444	3203	2491	2274	2673	3244	3384	2672	3089	3091	2527	2864	2605	2284	5.061764399986714
2445	3203	2492	2274	2674	3245	3383	2670	3090	3093	2526	2866	2606	2283	5.07782750017941
2445	3204	2493	2276	2677	3247	3383	2671	3091	3094	2526	2865	2606	2283	5.093855200335383
2447	3204	2494	2277	2678	3249	3385	2668	3093	3093	2526	2865	2606	2283	5.109748200047761
2448	3203	2495	2277	2677	3254	3384	2667	3097	3094	2527	2864	2606	2283	5.125853400211781
2445	3204	2494	2280	2678	3257	3383	2666	3101	3094	2527	2864	2606	2282	5.141834700014442
2447	3204	2495	2281	2680	3261	3383	2665	3103	3094	2526	2865	2605	2282	5.157818000297993
2447	3204	2495	2280	2683	3264	3383	2666	3107	3094	2525	2864	2606	2282	5.173741800244898
2447	3204	2495	2280	2681	3264	3385	2665	3107	3095	2524	2865	2607	2282	5.189752100035548
2445	3204	2494	2280	2680	3270	3386	2662	3107	3096	2525	2863	2604	2282	5.205823100171983
2446	3205	2495	2279	2681	3273	3384	2661	3106	3096	2526	2863	2605	2280	5.221773799974471
2447	3207	2493	2281	2680	3276	3389	2661	3109	3095	2526	2862	2603	2282	5.237831400241703
2448	3207	2496	2282	2682	3278	3383	2662	3107	3094	2528	2863	2603	2280	5.25388150010258
2447	3207	2496	2283	2682	3278	3387	2660	3107	3096	2526	2864	2604	2281	5.269770200364292
2446	3206	2494	2283	2682	3279	3386	2659	3108	3095	2526	2863	2604	2280	5.285728699993342
2446	3206	2494	2283	2682	3279	3386	2661	3108	3095	2527	2863	2604	2280	5.293771000113338
2448	3208	2495	2282	2683	3279	3386	2662	3106	3093	2528	2861	2604	2280	5.309834100306034
2448	3208	2494	2283	2683	3275	3385	2661	3106	3094	2528	2861	2604	2280	5.325879100244492
2447	3210	2495	2282	2683	3273	3385	2660	3101	3094	2527	2862	2602	2279	5.341735200025141
2447	3209	2493	2280	2683	3274	3387	2661	3103	3093	2528	2863	2603	2279	5.357749700080603
2447	3208	2493	2281	2685	3274	3387	2661	3101	3094	2526	2862	2603	2280	5.373775999993086
2448	3208	2493	2281	2685	3274	3387	2661	3101	3094	2527	2862	2602	2280	5.389745800290257
2446	3209	2492	2281	2687	3273	3387	2662	3104	3094	2526	2863	2603	2281	5.405730600003153
2448	3210	2491	2281	2686	3276	3387	2661	3105	3093	2528	2863	2602	2281	5.421719400212169
2446	3208	2491	2280	2685	3277	3388	2662	3105	3094	2526	2864	2604	2280	5.43773110024631
2447	3209	2488	2281	2684	3277	3388	2662	3103	3095	2523	2864	2604	2280	5.453752900008112
2444	3208	2486	2278	2685	3275	3385	2662	3103	3094	2525	2862	2603	2281	5.469782100059092
2447	3209	2490	2278	2688	3274	3389	2661	3108	3094	2521	2866	2604	2282	5.485729600302875
2448	3209	2490	2277	2687	3271	3388	2663	3100	3093	2521	2864	2605	2282	5.501747500151396
2446	3209	2487	2275	2689	3268	3387	2666	3098	3093	2518	2865	2604	2282	5.517713500186801
2448	3210	2485	2272	2689	3263	3387	2666	3095	3095	2517	2868	2604	2285	5.533734900411218
2446	3210	2488	2273	2688	3257	3387	2668	3095	3093	2518	2871	2606	2285	5.5497321002185345
2446	3210	2487	2273	2690	3250	3386	2669	3094	3093	2518	2870	2607	2284	5.565743500366807
2446	3211	2488	2271	2692	3248	3386	2669	3091	3093	2517	2873	2607	2285	5.581706900149584
2446	3210	2488	2271	2695	3245	3384	2673	3088	3092	2517	2871	2606	2284	5.597697600256652
2446	3210	2488	2271	2695	3245	3384	2675	3089	3091	2517	2871	2606	2286	5.605720600113273
2445	3209	2488	2270	2699	3242	3384	2677	3087	3089	2515	2873	2606	2288	5.6217988999560475
2446	3209	2487	2269	2702	3242	3385	2679	3086	3089	2515	2874	2607	2287	5.637868500314653
2445	3208	2488	2265	2701	3242	3387	2679	3086	3089	2515	2874	2607	2288	5.653835600242019
2445	3209	2489	2265	2703	3241	3383	2680	3084	3089	2517	2875	2605	2288	5.669793500099331
2446	3209	2487	2261	2706	3243	3382	2682	3082	3087	2512	2876	2607	2289	5.68590380018577
2448	3212	2485	2259	2711	3245	3388	2687	3082	3086	2511	2879	2608	2292	5.7019194001331925
2448	3210	2480	2255	2711	3249	3388	2689	3081	3082	2508	2884	2609	2297	5.717900200281292
2448	3212	2478	2251	2709	3251	3388	2698	3086	3077	2510	2884	2610	2300	5.733897500205785
2447	3211	2478	2252	2711	3250	3385	2704	3085	3075	2512	2884	2611	2303	5.749756700359285
2447	3209	2477	2253	2720	3249	3385	2709	3087	3072	2518	2884	2613	2308	5.765793700236827
2447	3211	2476	2256	2730	3249	3386	2722	3095	3070	2532	2887	2618	2319	5.781768300104886
2448	3211	2474	2260	2751	3263	3387	2727	3113	3064	2546	2895	2625	2341	5.797773499973118
2450	3212	2472	2263	2764	3280	3389	2732	3122	3059	2561	2906	2636	2359	5.8138332003727555
2450	3214	2470	2272	2806	3296	3388	2737	3137	3056	2586	2914	2646	2382	5.829744799993932
2450	3212	2467	2286	2840	3316	3385	2755	3151	3052	2634	2933	2660	2413	5.845850800164044
2450	3213	2465	2298	2876	3392	3380	2788	3155	3045	2694	2975	2678	2446	5.861769100185484
2449	3212	2460	2312	2903	3417	3377	2826	3158	3038	2751	3013	2697	2472	5.877739900257438
2450	3214	2459	2320	2925	3438	3379	2858	3160	3035	2799	3042	2707	2503	5.893730300012976
2453	3215	2454	2332	2942	3454	3379	2894	3165	3032	2840	3081	2721	2537	5.909746100194752
2451	3218	2452	2344	2957	3464	3382	2933	3179	3034	2889	3116	2751	2577	5.9258492002263665
2451	3218	2452	2344	2957	3464	3382	2965	3197	3040	2928	3141	2775	2636	5.933752200100571
2449	3220	2450	2363	2970	3477	3390	2991	3218	3050	2977	3166	2810	2699	5.949725300073624
2448	3220	2442	2394	2985	3487	3402	3007	3239	3060	3014	3185	2833	2749	5.965749300085008
2446	3221	2431	2435	2992	3496	3411	3018	3252	3070	3031	3198	2857	2790	5.981732600368559
2446	3226	2425	2477	3002	3499	3428	3026	3266	3081	3051	3218	2891	2822	5.997752600349486
2449	3230	2413	2538	3009	3503	3448	3034	3281	3097	3058	3251	2951	2843	6.013718200381845
2450	3232	2406	2608	3017	3504	3468	3032	3299	3114	3060	3286	3016	2864	6.029781800229102
2451	3232	2400	2664	3018	3507	3486	3026	3308	3120	3062	3320	3058	2871	6.045803500339389
2453	3234	2410	2703	3016	3514	3505	3022	3307	3129	3061	3346	3088	2876	6.061904900241643
2454	3239	2413	2730	3018	3514	3518	3019	3307	3135	3059	3372	3118	2879	6.077883800026029
2455	3240	2411	2741	3019	3514	3529	3017	3306	3138	3058	3386	3130	2878	6.093722100369632
2455	3244	2409	2755	3022	3514	3536	3016	3301	3142	3056	3398	3145	2876	6.109727000351995
2453	3245	2399	2766	3023	3512	3538	3014	3299	3147	3059	3404	3150	2872	6.1257411004044116
2453	3246	2380	2770	3024	3512	3544	3010	3299	3147	3057	3408	3153	2866	6.141815900336951
2456	3247	2367	2780	3023	3508	3547	3008	3294	3150	3056	3412	3159	2862	6.157815200276673
2455	3248	2362	2787	3023	3505	3551	3007	3289	3150	3055	3417	3161	2859	6.173828900326043
2456	3249	2356	2795	3025	3506	3555	3008	3289	3150	3055	3424	3166	2859	6.189825300127268
2459	3249	2354	2798	3030	3504	3557	3007	3288	3150	3056	3428	3172	2859	6.205823500175029
2461	3249	2351	2800	3032	3504	3558	3006	3289	3152	3057	3430	3173	2856	6.221816200297326
2462	3248	2348	2803	3037	3504	3558	3006	3289	3152	3057	3432	3174	2855	6.237787400372326
2463	3249	2348	2807	3041	3504	3559	3007	3292	3152	3056	3433	3176	2852	6.253821900114417
2463	3250	2347	2807	3042	3503	3556	3006	3293	3152	3058	3435	3177	2853	6.269793400075287
2463	3250	2347	2807	3042	3503	3556	3009	3297	3153	3059	3434	3179	2853	6.277751300018281
2465	3249	2346	2805	3045	3503	3556	3009	3295	3152	3062	3433	3178	2855	6.293859099969268
2466	3249	2345	2806	3048	3504	3555	3010	3298	3152	3063	3430	3180	2852	6.309743800200522
2464	3249	2344	2809	3049	3504	3554	3011	3298	3153	3064	3429	3179	2852	6.325812099967152
2466	3249	2343	2813	3052	3505	3550	3011	3298	3153	3066	3429	3178	2850	6.341727199964225
2467	3249	2343	2817	3052	3506	3552	3010	3301	3152	3067	3429	3179	2851	6.357722999993712
2467	3249	2341	2819	3053	3504	3551	3011	3301	3152	3069	3428	3178	2851	6.3738107001408935
2469	3249	2340	2821	3056	3505	3552	3011	3301	3152	3070	3427	3177	2850	6.3897462002933025
2468	3249	2341	2823	3057	3505	3549	3012	3302	3152	3071	3426	3177	2850	6.405831200070679
2466	3249	2340	2825	3059	3506	3552	3013	3303	3153	3071	3427	3176	2851	6.421888899989426
2467	3247	2342	2826	3061	3505	3551	3012	3302	3154	3071	3428	3177	2850	6.437798000406474
2469	3249	2339	2828	3063	3504	3552	3012	3303	3150	3071	3426	3176	2852	6.453871100209653
2469	3249	2339	2830	3066	3507	3550	3013	3299	3152	3071	3424	3179	2853	6.469719500280917
2469	3250	2341	2830	3071	3507	3553	3012	3299	3152	3069	3423	3179	2852	6.485722600016743
2469	3248	2342	2829	3075	3507	3554	3014	3300	3152	3070	3422	3178	2853	6.501814800314605
2467	3250	2342	2827	3074	3506	3552	3014	3301	3151	3070	3423	3177	2854	6.517930100206286
2468	3249	2344	2828	3076	3508	3547	3013	3301	3151	3071	3420	3177	2856	6.533823300153017
2467	3250	2344	2828	3076	3508	3548	3015	3300	3151	3071	3418	3175	2856	6.54976320033893
2467	3249	2346	2828	3077	3507	3546	3014	3297	3150	3070	3419	3176	2856	6.565741000231355
2465	3248	2348	2832	3072	3504	3543	3014	3298	3150	3071	3417	3175	2856	6.58173770038411
2465	3248	2348	2832	3072	3504	3543	3017	3298	3150	3071	3414	3172	2859	6.589842200279236
2463	3248	2352	2827	3067	3503	3543	3018	3293	3148	3073	3410	3171	2862	6.605875100009143
2463	3246	2362	2801	3059	3499	3537	3018	3289	3146	3078	3406	3162	2870	6.621773300226778
2454	3244	2378	2775	3047	3490	3534	3021	3290	3146	3086	3400	3160	2876	6.637757800053805
2454	3243	2397	2759	3021	3476	3532	3024	3289	3143	3090	3393	3152	2878	6.653756800107658
2453	3243	2415	2744	3004	3467	3526	3023	3283	3143	3098	3385	3148	2876	6.669754300266504
2451	3240	2423	2738	2989	3444	3519	3027	3282	3141	3108	3376	3137	2868	6.686638700310141
2450	3241	2415	2732	2959	3407	3511	3030	3278	3139	3116	3367	3128	2863	6.701827900018543
2450	3242	2399	2723	2927	3364	3507	3029	3269	3143	3118	3354	3124	2858	6.717825500294566
2452	3244	2402	2709	2895	3324	3509	3024	3249	3144	3114	3347	3124	2851	6.733751800376922
2455	3240	2401	2698	2860	3288	3510	3025	3238	3148	3110	3346	3122	2841	6.749736400321126
2458	3237	2408	2697	2787	3306	3515	3025	3234	3146	3110	3346	3118	2837	6.765737500041723
2463	3223	2407	2709	2767	3284	3518	3028	3236	3147	3110	3348	3119	2835	6.781823800411075
2463	3216	2406	2727	2743	3307	3525	3024	3243	3150	3117	3349	3121	2838	6.797735800035298
2463	3206	2409	2737	2727	3311	3527	3023	3244	3151	3118	3351	3128	2841	6.813836200162768
2466	3201	2412	2744	2710	3320	3532	3024	3247	3152	3119	3352	3130	2847	6.82985720038414
2468	3197	2414	2741	2705	3314	3535	3025	3247	3154	3120	3352	3128	2851	6.84576310031116
2470	3195	2415	2740	2703	3313	3535	3025	3245	3156	3117	3353	3124	2847	6.8618040001019835
2469	3193	2416	2735	2699	3309	3535	3022	3245	3158	3120	3354	3122	2846	6.877769400365651
2468	3190	2420	2737	2701	3304	3537	3022	3248	3158	3122	3350	3122	2849	6.893742999993265
2468	3190	2420	2737	2701	3304	3537	3022	3247	3161	3125	3349	3124	2853	6.901757300365716
2468	3187	2421	2735	2701	3299	3538	3025	3247	3163	3129	3350	3122	2854	6.9178252001293
2469	3185	2420	2736	2701	3293	3537	3026	3246	3166	3129	3348	3120	2853	6.933771800249815
2469	3184	2421	2736	2701	3299	3537	3027	3245	3167	3130	3346	3120	2858	6.949724800419062
2465	3185	2418	2734	2702	3301	3536	3030	3246	3162	3130	3344	3118	2861	6.965742200147361
2464	3183	2417	2732	2701	3304	3536	3037	3241	3164	3139	3344	3118	2867	6.9817508002743125
2464	3182	2415	2732	2702	3306	3536	3048	3236	3165	3149	3341	3118	2872	6.997728400398046
2463	3181	2414	2730	2700	3308	3536	3054	3232	3169	3151	3342	3116	2874	7.013812000397593
2464	3182	2411	2726	2701	3311	3535	3054	3225	3165	3154	3340	3115	2877	7.029760899953544
2461	3181	2404	2722	2701	3312	3532	3058	3222	3168	3159	3337	3115	2879	7.045761700253934
2461	3179	2403	2720	2703	3316	3535	3061	3217	3167	3171	3338	3114	2885	7.06174649996683
2461	3178	2399	2714	2701	3317	3533	3062	3215	3162	3179	3336	3116	2889	7.077738800086081
2463	3178	2395	2713	2701	3320	3534	3062	3214	3165	3183	3337	3112	2891	7.093730099964887
2464	3178	2390	2717	2702	3326	3533	3058	3213	3164	3186	3336	3110	2893	7.109831800218672
2464	3179	2388	2715	2702	3334	3534	3058	3211	3163	3190	3336	3112	2894	7.125727000180632
2466	3180	2388	2713	2701	3336	3533	3060	3209	3162	3194	3336	3113	2896	7.141770500224084
2467	3179	2387	2710	2700	3336	3535	3058	3210	3164	3197	3334	3113	2898	7.157772500067949
2466	3179	2387	2711	2699	3340	3535	3058	3211	3164	3202	3334	3113	2900	7.173750200308859
2467	3180	2386	2710	2700	3339	3536	3059	3209	3166	3204	3334	3114	2900	7.189753100275993
2468	3180	2384	2710	2700	3342	3534	3056	3209	3165	3206	3336	3114	2899	7.205754500348121
2470	3179	2383	2709	2699	3341	3535	3058	3208	3164	3207	3333	3114	2903	7.221749300137162
2470	3179	2383	2709	2699	3341	3535	3058	3207	3167	3208	3334	3115	2905	7.22981490008533
2471	3180	2383	2710	2700	3342	3535	3059	3205	3167	3211	3335	3115	2909	7.245762099977583
2470	3182	2383	2709	2700	3344	3536	3059	3206	3166	3213	3332	3114	2910	7.261798100080341
2471	3181	2384	2711	2698	3344	3537	3061	3205	3166	3214	3335	3113	2908	7.277768800035119
2471	3183	2382	2712	2698	3348	3536	3058	3207	3164	3216	3334	3114	2910	7.293771400116384
2473	3182	2382	2712	2698	3350	3536	3058	3204	3164	3217	3335	3112	2912	7.309772200416774
2472	3183	2382	2710	2699	3353	3537	3066	3204	3162	3217	3333	3111	2914	7.325754400342703
2473	3183	2381	2710	2697	3354	3535	3068	3204	3162	3220	3337	3108	2917	7.341810000129044
2473	3182	2383	2709	2699	3357	3533	3075	3206	3159	3220	3338	3108	2920	7.357821800280362
2474	3182	2382	2713	2698	3364	3534	3081	3205	3157	3221	3340	3097	2917	7.373766100034118
2474	3182	2385	2715	2699	3372	3534	3088	3207	3153	3216	3341	3091	2915	7.389739000238478
2473	3184	2388	2713	2698	3379	3532	3094	3211	3150	3213	3339	3078	2903	7.405851900111884
2473	3186	2390	2703	2698	3386	3528	3098	3217	3138	3200	3339	3062	2892	7.421752599999309
2474	3189	2399	2689	2697	3396	3521	3096	3225	3125	3183	3326	3037	2876	7.437755400314927
2474	3195	2407	2668	2698	3403	3518	3087	3238	3114	3163	3311	3003	2851	7.4537897002883255
2477	3201	2413	2641	2704	3403	3507	3068	3248	3096	3147	3282	2958	2815	7.4697553999722
2476	3206	2422	2608	2710	3407	3499	3042	3261	3079	3118	3248	2900	2753	7.485744000412524
2478	3210	2429	2553	2711	3393	3476	2993	3268	3062	3076	3199	2838	2670	7.501728500239551
2481	3211	2440	2494	2717	3375	3453	2921	3272	3055	3002	3147	2783	2581	7.517738500144333
2486	3202	2443	2445	2710	3346	3435	2868	3265	3051	2905	3105	2743	2516	7.53373710019514
2495	3191	2453	2414	2709	3364	3407	2850	3259	3051	2818	3060	2722	2475	7.54974910011515
2518	3185	2480	2392	2707	3390	3405	2782	3235	3051	2750	3042	2709	2442	7.5657672001980245
2518	3185	2480	2392	2707	3390	3405	2736	3222	3052	2686	3027	2697	2423	7.57382190041244
2536	3181	2507	2380	2701	3380	3405	2727	3206	3054	2632	3032	2695	2409	7.589759700000286
2550	3179	2527	2368	2698	3385	3403	2706	3197	3060	2586	3040	2689	2396	7.605742500163615
2571	3177	2547	2371	2698	3404	3404	2685	3199	3061	2556	3055	2686	2385	7.6217754003591835
2574	3178	2564	2373	2691	3411	3404	2673	3218	3064	2535	3060	2688	2374	7.637738300021738
2579	3177	2578	2374	2687	3418	3406	2665	3226	3066	2522	3072	2685	2367	7.653729400131851
2580	3175	2600	2375	2687	3427	3405	2651	3243	3069	2519	3087	2685	2362	7.669739700388163
2579	3174	2613	2377	2689	3434	3406	2644	3259	3071	2523	3096	2685	2357	7.685786799993366
2582	3173	2637	2378	2690	3437	3405	2642	3278	3074	2525	3104	2687	2355	7.7017657002434134
2582	3173	2642	2379	2694	3438	3404	2640	3286	3076	2528	3113	2687	2355	7.717740199994296
2582	3174	2644	2379	2697	3438	3404	2636	3301	3076	2525	3119	2685	2353	7.733774400316179
2583	3172	2654	2378	2699	3438	3405	2635	3309	3079	2521	3122	2684	2353	7.749762200284749
2588	3172	2666	2377	2703	3438	3403	2632	3312	3083	2519	3127	2684	2353	7.765770700294524
2591	3173	2677	2375	2706	3438	3404	2630	3316	3083	2517	3128	2683	2353	7.781747500412166
2592	3173	2683	2373	2707	3437	3405	2626	3323	3083	2515	3125	2680	2351	7.797749000135809
2592	3175	2687	2370	2707	3436	3404	2623	3322	3085	2513	3124	2678	2349	7.813766700215638
2592	3174	2691	2367	2705	3436	3405	2620	3322	3086	2513	3121	2677	2350	7.829746600240469
2594	3175	2693	2366	2706	3435	3405	2620	3324	3086	2512	3122	2674	2349	7.845755900256336
2594	3173	2696	2364	2704	3436	3406	2619	3327	3086	2509	3126	2673	2349	7.861780000384897
2593	3177	2697	2360	2705	3435	3404	2617	3333	3086	2506	3124	2669	2349	7.8777764001861215
2584	3180	2695	2357	2705	3434	3405	2615	3334	3086	2503	3124	2671	2348	7.8938281000591815
2584	3180	2695	2357	2705	3434	3405	2613	3335	3086	2501	3126	2668	2347	7.901779200416058
2584	3179	2694	2358	2704	3432	3403	2615	3334	3086	2498	3129	2668	2347	7.917734400369227
2584	3181	2693	2359	2705	3430	3404	2614	3339	3088	2496	3136	2667	2348	7.933853600174189
2587	3181	2695	2358	2705	3431	3405	2611	3341	3084	2494	3136	2666	2346	7.949765200261027
2582	3182	2691	2361	2707	3429	3403	2608	3340	3087	2491	3135	2666	2347	7.9658226002939045
2581	3182	2691	2360	2707	3430	3404	2609	3340	3085	2492	3137	2665	2346	7.981833000201732
2580	3182	2689	2359	2709	3429	3403	2608	3339	3087	2491	3138	2665	2346	7.99781610025093
2579	3180	2689	2360	2709	3429	3403	2608	3342	3088	2489	3140	2665	2344	8.013862400315702
2579	3183	2689	2360	2709	3428	3403	2608	3341	3086	2490	3142	2664	2346	8.029728500172496
2581	3182	2687	2360	2709	3429	3404	2607	3342	3086	2488	3140	2664	2346	8.045730600133538
2580	3183	2686	2361	2711	3429	3404	2608	3343	3087	2486	3139	2664	2346	8.061742700170726
2580	3182	2685	2361	2710	3427	3404	2610	3343	3087	2487	3140	2662	2345	8.077770400326699
2580	3185	2687	2361	2710	3426	3404	2608	3343	3088	2484	3142	2663	2346	8.093708200380206
2580	3182	2686	2361	2710	3428	3402	2608	3344	3086	2485	3144	2664	2347	8.109777000267059
2580	3184	2687	2363	2709	3427	3403	2608	3345	3087	2484	3145	2664	2346	8.125767700374126
2581	3183	2688	2361	2711	3427	3404	2609	3344	3087	2484	3141	2663	2346	8.141869200393558
2579	3184	2687	2362	2710	3427	3404	2607	3347	3086	2483	3140	2660	2346	8.157824600115418
2579	3184	2686	2363	2711	3425	3403	2608	3344	3085	2482	3139	2658	2346	8.173760800156742
2580	3185	2686	2362	2711	3425	3403	2606	3345	3085	2482	3139	2659	2346	8.18977460032329
2582	3183	2685	2364	2710	3424	3404	2607	3346	3087	2483	3143	2660	2345	8.205756900366396
2580	3184	2684	2364	2712	3423	3403	2606	3345	3084	2483	3141	2661	2346	8.22176290024072
2580	3184	2684	2364	2712	3423	3403	2607	3345	3084	2479	3144	2661	2345	8.229812000412494
2581	3185	2680	2365	2712	3423	3403	2609	3344	3084	2478	3144	2661	2345	8.245759200304747
2581	3185	2680	2366	2713	3421	3403	2605	3344	3084	2479	3145	2660	2345	8.261814600322396
2581	3183	2678	2367	2713	3422	3403	2607	3345	3085	2480	3140	2658	2344	8.277755900286138
2579	3185	2679	2366	2715	3420	3404	2607	3345	3083	2478	3138	2655	2346	8.293746400158852
2580	3185	2675	2367	2716	3422	3404	2607	3342	3082	2478	3129	2654	2345	8.309730300214142
2580	3185	2673	2365	2717	3418	3402	2608	3340	3080	2477	3116	2646	2344	8.325766600202769
2578	3185	2671	2364	2717	3418	3402	2606	3337	3079	2477	3114	2647	2343	8.34175130026415
2576	3187	2660	2365	2717	3418	3403	2605	3331	3077	2476	3110	2646	2342	8.357755900360644
2570	3189	2644	2365	2718	3417	3403	2609	3325	3076	2473	3102	2644	2344	8.373832300305367
2559	3192	2637	2367	2721	3414	3402	2608	3313	3073	2468	3089	2644	2343	8.389824599958956
2546	3196	2630	2356	2720	3412	3401	2612	3303	3072	2466	3070	2640	2342	8.405798400286585
2533	3194	2624	2351	2721	3410	3402	2615	3286	3071	2468	3070	2642	2342	8.421767800115049
2517	3196	2609	2346	2718	3407	3401	2625	3276	3069	2473	3066	2642	2344	8.437798900064081
2510	3197	2587	2343	2716	3405	3401	2639	3268	3064	2480	3065	2644	2348	8.45381350023672
2497	3200	2573	2343	2714	3405	3399	2656	3266	3061	2493	3057	2644	2353	8.469785300083458
2487	3203	2553	2347	2709	3408	3397	2671	3247	3054	2519	3051	2642	2370	8.485804700292647
2479	3207	2540	2345	2707	3413	3394	2687	3238	3055	2547	3036	2645	2388	8.501809400040656
2472	3209	2512	2349	2710	3411	3394	2713	3228	3056	2595	3016	2647	2410	8.517820800188929
2466	3210	2486	2351	2714	3411	3393	2742	3223	3055	2653	2998	2651	2444	8.533843399956822
2464	3212	2471	2357	2718	3426	3394	2772	3228	3051	2721	3006	2663	2492	8.549758800305426
2464	3212	2471	2357	2718	3426	3394	2798	3235	3045	2771	3024	2684	2538	8.55776340002194
2458	3211	2454	2375	2722	3430	3399	2815	3239	3044	2814	3082	2728	2567	8.573773300275207
2453	3212	2447	2396	2710	3394	3405	2828	3245	3050	2863	3135	2784	2596	8.58973790006712
2453	3214	2441	2423	2702	3355	3410	2839	3248	3057	2925	3191	2858	2621	8.605733000207692
2453	3211	2436	2448	2699	3335	3423	2865	3249	3071	2970	3257	2934	2660	8.6217406000942
2451	3213	2429	2478	2699	3308	3442	2903	3258	3087	3018	3322	3004	2700	8.637748199980706
2450	3213	2424	2504	2698	3280	3457	2960	3255	3106	3061	3372	3055	2736	8.653790000360459
2449	3215	2422	2530	2696	3248	3474	2995	3264	3119	3085	3406	3089	2752	8.669743600301445
2447	3217	2413	2559	2696	3222	3495	3007	3270	3129	3103	3417	3115	2757	8.685776500031352
2446	3221	2416	2583	2694	3214	3505	3004	3276	3134	3116	3431	3130	2764	8.701835100073367
2443	3224	2416	2645	2692	3210	3518	3000	3277	3138	3124	3435	3138	2772	8.717761600390077
2443	3230	2415	2677	2693	3200	3532	2999	3277	3142	3138	3434	3148	2789	8.733748600352556
2445	3226	2413	2699	2692	3200	3538	2999	3279	3144	3154	3427	3151	2801	8.749775600153953
2446	3219	2414	2710	2690	3197	3548	3102	3281	3146	3166	3415	3151	2818	8.765818600077182
2444	3210	2419	2727	2691	3206	3559	3177	3281	3145	3177	3411	3152	2832	8.781875899992883
2445	3201	2424	2738	2693	3214	3564	3170	3281	3145	3186	3405	3149	2845	8.79777600010857
2444	3193	2429	2752	2695	3218	3567	3175	3285	3143	3195	3400	3148	2862	8.813723500352353
2444	3189	2432	2763	2694	3222	3571	3188	3286	3143	3202	3396	3148	2868	8.829736900050193
2444	3187	2430	2765	2696	3224	3575	3201	3288	3142	3204	3396	3149	2874	8.845724600367248
2444	3184	2431	2765	2694	3224	3575	3211	3290	3141	3208	3394	3147	2878	8.86174980038777
2444	3184	2431	2765	2694	3224	3575	3211	3288	3142	3211	3389	3147	2882	8.869729800149798
2447	3184	2428	2766	2696	3224	3575	3213	3287	3142	3211	3385	3145	2884	8.885731700342149
2445	3185	2428	2766	2695	3229	3577	3219	3287	3145	3212	3383	3146	2887	8.90173520008102
2444	3185	2428	2770	2695	3228	3579	3231	3288	3145	3211	3384	3145	2888	8.91773740015924
2445	3183	2428	2769	2696	3227	3579	3240	3290	3145	3209	3383	3143	2888	8.933776100166142
2446	3183	2426	2769	2696	3231	3579	3243	3287	3144	3205	3380	3142	2888	8.94974200008437
2446	3182	2426	2768	2696	3234	3579	3244	3285	3143	3205	3382	3143	2888	8.965733900200576
2447	3181	2426	2767	2694	3234	3580	3247	3286	3144	3203	3377	3142	2889	8.981741799972951
2447	3183	2425	2768	2696	3236	3581	3248	3287	3143	3203	3377	3141	2890	8.997738300357014
2448	3181	2424	2769	2696	3236	3582	3256	3287	3143	3199	3377	3140	2889	9.013730000238866
2449	3180	2423	2770	2696	3236	3580	3258	3286	3141	3198	3377	3138	2888	9.029757000040263
2447	3181	2425	2769	2698	3239	3580	3258	3286	3142	3197	3377	3139	2888	9.045820400118828
2448	3180	2423	2771	2697	3239	3579	3261	3285	3139	3197	3376	3137	2889	9.06174030015245
2448	3181	2423	2773	2694	3241	3581	3268	3286	3140	3194	3379	3138	2889	9.077733400277793
2449	3180	2423	2773	2696	3244	3581	3274	3286	3139	3195	3378	3137	2890	9.093745300080627
2449	3180	2424	2773	2696	3245	3579	3277	3285	3139	3194	3377	3135	2886	9.109724699985236
2451	3183	2424	2770	2694	3247	3579	3277	3287	3137	3195	3377	3134	2885	9.12574620032683
2450	3183	2422	2769	2694	3250	3579	3276	3284	3135	3197	3377	3135	2883	9.141737299971282
2450	3183	2424	2768	2693	3255	3578	3273	3284	3135	3200	3376	3133	2878	9.157785100396723
2449	3186	2423	2764	2693	3262	3576	3261	3281	3134	3206	3378	3129	2871	9.173725300002843
2449	3186	2423	2764	2693	3262	3576	3243	3279	3132	3210	3378	3123	2865	9.18176589999348
2450	3191	2423	2757	2694	3272	3571	3219	3277	3128	3216	3378	3119	2858	9.197727400343865
2452	3198	2424	2745	2693	3279	3568	3199	3269	3126	3216	3373	3114	2841	9.213742400053889
2453	3207	2424	2736	2696	3289	3565	3183	3265	3124	3212	3370	3104	2829	9.229811200406402
2454	3214	2426	2728	2699	3298	3560	3164	3261	3123	3199	3371	3094	2813	9.245819700416178
2456	3219	2426	2721	2711	3309	3552	3143	3258	3124	3182	3371	3087	2797	9.261739000212401
2455	3223	2427	2701	2732	3312	3539	3108	3254	3126	3159	3370	3074	2774	9.277775600086898
2458	3218	2431	2633	2769	3283	3514	3021	3247	3126	3151	3366	3045	2763	9.293753600213677
2458	3218	2453	2574	2810	3284	3493	2999	3243	3121	3141	3353	3018	2752	9.309868900105357
2455	3215	2460	2529	2853	3286	3477	2991	3242	3116	3135	3346	2992	2753	9.325838100165129
2453	3213	2464	2486	2898	3280	3468	2982	3235	3109	3136	3345	2987	2756	9.342224300373346
2452	3212	2462	2447	2934	3281	3464	2979	3234	3104	3135	3343	2978	2751	9.357748900074512
2449	3213	2461	2454	2984	3286	3461	2985	3234	3098	3135	3341	2968	2750	9.373735700268298
2450	3212	2453	2484	2999	3322	3464	2999	3237	3090	3128	3335	2959	2750	9.389733199961483
2453	3212	2447	2518	2995	3364	3471	3008	3244	3088	3119	3330	2955	2748	9.40578730031848
2454	3211	2448	2547	2997	3401	3480	3008	3244	3080	3107	3323	2947	2743	9.42175960028544
2463	3211	2445	2581	2997	3440	3497	3010	3246	3071	3094	3312	2937	2744	9.437800200190395
2463	3211	2442	2614	2995	3493	3504	3023	3246	3069	3088	3311	2936	2751	9.453724700026214
2465	3212	2444	2644	3004	3506	3516	3031	3247	3068	3084	3312	2942	2752	9.46977740013972
2464	3212	2448	2677	3006	3519	3532	3043	3247	3067	3081	3314	2952	2759	9.485832100268453
2465	3212	2449	2710	3007	3522	3538	3040	3247	3067	3075	3315	2960	2763	9.50181689998135
2465	3212	2449	2710	3007	3522	3538	3035	3250	3068	3070	3313	2966	2761	9.509712000377476
2465	3213	2453	2746	3010	3530	3550	3033	3250	3067	3066	3312	2977	2763	9.52581650018692
2459	3212	2453	2771	3011	3529	3561	3035	3252	3068	3064	3310	2987	2766	9.541815100237727
2452	3215	2439	2795	3016	3531	3568	3041	3255	3068	3062	3310	2997	2768	9.557768600061536
2453	3217	2424	2810	3019	3533	3577	3044	3258	3069	3064	3310	3010	2769	9.573757800273597
2458	3218	2415	2816	3019	3532	3583	3049	3261	3070	3063	3312	3021	2768	9.589772500097752
2461	3220	2414	2815	3018	3533	3583	3051	3263	3071	3064	3312	3028	2768	9.605762300081551
2464	3220	2412	2811	3014	3532	3582	3051	3266	3072	3066	3311	3039	2769	9.621781500056386
2459	3219	2402	2810	3006	3530	3584	3052	3269	3070	3070	3313	3051	2771	9.637853800319135
2458	3217	2400	2807	3002	3530	3583	3052	3273	3074	3076	3317	3055	2774	9.653745000250638
2456	3216	2393	2806	2997	3529	3582	3051	3275	3073	3076	3323	3061	2777	9.669772100169212
2459	3215	2389	2806	2993	3528	3581	3050	3277	3076	3085	3328	3066	2786	9.68579880008474
2462	3213	2388	2807	2990	3529	3579	3046	3278	3080	3087	3332	3072	2790	9.701777700334787
2461	3212	2388	2812	2986	3529	3578	3044	3280	3081	3092	3336	3078	2794	9.717759100254625
2460	3211	2387	2818	2985	3528	3578	3044	3281	3084	3097	3338	3084	2798	9.733752200379968
2462	3211	2384	2826	2987	3531	3577	3043	3282	3086	3104	3341	3088	2798	9.749777300283313
2462	3209	2382	2830	2990	3532	3576	3044	3286	3086	3108	3343	3090	2805	9.765737800393254
2463	3209	2383	2833	2992	3532	3574	3046	3285	3086	3113	3343	3089	2805	9.781802000012249
2463	3208	2382	2837	2999	3535	3575	3046	3286	3088	3115	3345	3094	2808	9.797717100009322
2462	3207	2381	2841	3008	3536	3576	3044	3287	3088	3115	3344	3094	2812	9.813740400131792
2462	3207	2379	2846	3014	3538	3575	3045	3288	3088	3117	3346	3096	2815	9.829799100290984
2462	3207	2379	2846	3014	3538	3575	3046	3288	3089	3117	3345	3096	2816	9.837695599999279
2462	3206	2379	2848	3021	3537	3576	3044	3287	3087	3116	3347	3097	2818	9.853735100012273
2460	3205	2379	2850	3027	3539	3575	3046	3286	3089	3116	3344	3097	2821	9.869754500221461
2458	3205	2379	2852	3031	3537	3576	3046	3288	3089	3117	3345	3099	2823	9.885787799954414
2457	3205	2378	2854	3041	3539	3576	3046	3286	3087	3115	3344	3096	2824	9.901773200370371
2459	3207	2378	2856	3045	3538	3578	3045	3286	3088	3117	3344	3097	2825	9.917882000096142
2457	3204	2377	2855	3046	3538	3574	3044	3285	3086	3117	3343	3092	2826	9.933842900209129
2458	3207	2381	2855	3043	3539	3575	3042	3282	3085	3115	3342	3091	2825	9.949758800212294
2459	3207	2383	2856	3039	3537	3572	3041	3282	3085	3115	3343	3087	2821	9.965756900142878
2458	3207	2385	2856	3030	3537	3571	3039	3283	3084	3115	3344	3085	2819	9.981755500193685
2461	3209	2388	2855	3023	3534	3571	3036	3282	3081	3115	3344	3079	2818	9.997740500140935
2461	3211	2389	2849	3015	3532	3566	3029	3281	3080	3115	3344	3065	2817	10.013750500045717
2461	3212	2392	2836	2989	3529	3565	3023	3280	3074	3115	3339	3051	2816	10.0298545002006
2461	3213	2401	2830	2970	3521	3557	3011	3279	3072	3114	3328	3023	2815	10.04582740040496
2460	3215	2411	2814	2957	3515	3550	2995	3274	3069	3106	3312	2989	2809	10.061758200172335
2461	3215	2422	2795	2945	3501	3542	2977	3267	3067	3092	3294	2950	2798	10.077748100273311
2461	3217	2429	2756	2927	3481	3534	2951	3257	3064	3065	3265	2899	2769	10.093728300184011
2458	3219	2434	2704	2896	3471	3500	2914	3250	3059	3021	3222	2849	2731	10.10974260000512
2460	3218	2433	2639	2864	3452	3473	2867	3235	3055	2970	3180	2801	2681	10.125780700240284
2459	3218	2439	2570	2832	3426	3456	2831	3209	3048	2919	3124	2761	2634	10.141759500373155
2459	3218	2439	2570	2832	3426	3456	2803	3183	3040	2856	3072	2734	2575	10.149788500275463
2453	3220	2444	2497	2804	3392	3444	2782	3168	3037	2785	3041	2721	2517	10.165735600050539
2448	3218	2447	2443	2773	3367	3434	2762	3154	3040	2726	3022	2711	2470	10.181817900389433
2448	3218	2451	2405	2744	3338	3425	2748	3145	3044	2681	2998	2701	2432	10.19775930000469
2444	3216	2457	2376	2728	3311	3417	2734	3127	3047	2644	2988	2693	2414	10.213768400251865
2444	3216	2463	2355	2709	3288	3410	2730	3121	3051	2621	2985	2687	2396	10.229832600336522
2444	3218	2466	2345	2697	3279	3408	2723	3110	3056	2602	2974	2681	2378	10.245737000368536
2442	3216	2473	2328	2683	3267	3403	2721	3093	3059	2589	2959	2672	2357	10.26172550022602
2437	3215	2475	2315	2676	3251	3395	2723	3072	3069	2579	2950	2671	2341	10.277844900265336
2435	3215	2476	2302	2667	3237	3391	2723	3044	3073	2571	2946	2671	2328	10.293796699959785
2433	3215	2476	2291	2659	3220	3386	2725	3020	3077	2565	2943	2669	2322	10.30977060040459
2432	3214	2477	2289	2652	3214	3386	2724	2997	3082	2559	2934	2666	2315	10.325731600169092
2431	3215	2478	2291	2646	3206	3384	2723	2983	3085	2561	2920	2663	2310	10.341743499971926
2431	3213	2479	2295	2647	3202	3380	2723	2977	3087	2564	2901	2660	2307	10.357733900193125
2430	3215	2480	2303	2648	3208	3380	2719	2975	3088	2567	2891	2655	2304	10.373762900009751
2430	3212	2482	2308	2653	3212	3382	2714	2985	3090	2563	2881	2652	2301	10.38981690024957
2429	3212	2484	2312	2651	3213	3382	2714	2990	3092	2563	2871	2648	2302	10.405751300044358
2430	3213	2485	2313	2652	3215	3383	2716	2992	3094	2562	2870	2645	2297	10.421794100198895
2430	3212	2486	2318	2652	3219	3381	2713	2995	3096	2564	2868	2644	2295	10.437784400302917
2430	3213	2487	2320	2651	3223	3382	2713	2997	3096	2564	2864	2644	2295	10.453769700136036
2430	3213	2487	2320	2651	3223	3382	2711	2997	3097	2564	2862	2642	2292	10.461780100129545
2430	3212	2488	2319	2652	3229	3384	2709	3002	3100	2562	2862	2643	2292	10.477853200398386
2431	3212	2487	2321	2655	3237	3384	2709	3007	3103	2562	2863	2642	2292	10.493779300246388
2432	3211	2489	2324	2655	3242	3384	2709	3009	3102	2561	2862	2642	2290	10.509759400039911
2431	3212	2489	2324	2657	3244	3386	2709	3011	3103	2560	2863	2641	2292	10.525740900076926
2431	3212	2488	2325	2657	3250	3386	2708	3015	3104	2560	2862	2643	2289	10.54177110036835
2433	3211	2489	2325	2658	3248	3385	2708	3016	3106	2560	2864	2641	2289	10.557785000186414
2432	3214	2488	2327	2657	3254	3385	2706	3013	3104	2561	2863	2641	2290	10.573769600130618
2432	3214	2486	2328	2655	3261	3386	2705	3014	3105	2558	2862	2640	2288	10.589749300386757
2434	3213	2486	2328	2653	3263	3387	2705	3012	3106	2557	2862	2639	2289	10.60574460029602
2434	3213	2486	2330	2654	3264	3386	2707	3011	3105	2557	2863	2639	2289	10.62175160041079
2434	3214	2486	2330	2655	3266	3386	2704	3012	3105	2558	2861	2639	2288	10.637774900067598
2433	3213	2483	2331	2656	3268	3386	2705	3013	3105	2556	2863	2640	2287	10.653768599964678
2434	3213	2483	2332	2657	3271	3385	2704	3013	3106	2556	2862	2640	2287	10.669732000213116
2433	3213	2485	2332	2659	3273	3387	2704	3015	3106	2555	2864	2640	2287	10.685750500299037
2434	3213	2484	2333	2660	3276	3387	2703	3016	3107	2554	2863	2640	2289	10.701721300370991
2436	3215	2482	2331	2661	3276	3386	2702	3019	3105	2551	2864	2640	2291	10.717766900081187
2434	3213	2483	2331	2662	3276	3387	2702	3019	3107	2550	2866	2639	2291	10.733759700320661
2433	3215	2480	2331	2663	3276	3385	2699	3023	3107	2550	2868	2640	2290	10.749766200315207
2434	3215	2478	2331	2665	3279	3388	2700	3022	3107	2548	2869	2640	2291	10.76577700022608
2435	3214	2480	2332	2666	3278	3386	2699	3023	3108	2547	2871	2641	2291	10.781790100038052
2435	3214	2480	2332	2666	3278	3386	2696	3027	3107	2544	2877	2643	2293	10.789724600035697
2434	3215	2480	2332	2669	3281	3388	2698	3031	3107	2542	2884	2644	2295	10.80572360008955
2431	3212	2480	2333	2671	3282	3388	2695	3041	3108	2539	2892	2644	2298	10.821735500358045
2432	3214	2483	2336	2670	3291	3388	2693	3049	3110	2536	2895	2644	2299	10.837729600258172
2434	3208	2485	2337	2672	3300	3387	2693	3052	3113	2533	2900	2645	2299	10.853739900048822
2430	3181	2490	2340	2676	3307	3387	2689	3057	3114	2528	2913	2646	2298	10.869775300379843
2432	3163	2499	2343	2674	3313	3388	2688	3065	3114	2526	2924	2648	2301	10.885761100333184
2439	3154	2508	2344	2676	3317	3387	2689	3068	3116	2524	2934	2649	2302	10.90175070008263
2448	3152	2509	2344	2676	3327	3390	2689	3071	3116	2522	2939	2652	2301	10.917737800162286
2469	3151	2512	2345	2677	3331	3387	2687	3079	3118	2519	2943	2653	2302	10.933747200295329
2495	3150	2516	2349	2675	3340	3387	2687	3084	3117	2517	2952	2657	2301	10.949767300393432
2521	3148	2518	2351	2679	3345	3388	2685	3089	3119	2517	2961	2660	2303	10.965746200177819
2544	3148	2517	2351	2684	3363	3389	2681	3099	3120	2514	2967	2662	2301	10.981768400408328
2559	3149	2517	2352	2685	3373	3390	2681	3111	3120	2512	2975	2662	2301	10.997760300058872
2565	3148	2525	2350	2686	3382	3391	2680	3116	3120	2513	2983	2661	2300	11.013764000032097
2567	3149	2537	2349	2687	3390	3392	2680	3119	3121	2511	2984	2660	2300	11.02986040012911
2572	3148	2546	2347	2686	3392	3392	2680	3118	3120	2512	2986	2659	2301	11.045753000304103
2572	3146	2560	2345	2692	3394	3393	2677	3117	3121	2512	2982	2658	2298	11.061861500144005
2577	3147	2581	2344	2694	3403	3394	2677	3118	3120	2511	2980	2655	2297	11.077743400353938
2581	3148	2602	2347	2694	3409	3397	2674	3118	3119	2512	2969	2653	2297	11.093789900187403
2581	3148	2602	2347	2694	3409	3397	2672	3116	3119	2511	2962	2648	2296	11.101716600358486
2582	3146	2614	2351	2693	3423	3399	2669	3116	3118	2511	2956	2646	2295	11.117788100149482
2588	3147	2618	2356	2693	3437	3403	2663	3118	3117	2510	2955	2647	2295	11.133795500267297
2592	3148	2620	2363	2701	3442	3404	2653	3129	3117	2509	2958	2651	2296	11.149804400280118
2597	3148	2622	2366	2705	3442	3405	2646	3133	3117	2509	2960	2651	2296	11.165741499979049
2597	3149	2626	2370	2705	3444	3404	2643	3148	3117	2508	2962	2649	2298	11.18181119998917
2600	3148	2631	2374	2704	3443	3403	2639	3157	3117	2508	2973	2650	2300	11.197909099981189
2601	3147	2635	2379	2704	3444	3403	2637	3180	3115	2509	2986	2650	2302	11.21378850005567
2604	3149	2636	2381	2706	3445	3400	2633	3197	3115	2510	2995	2650	2305	11.22979550017044
2602	3147	2637	2385	2708	3445	3400	2629	3213	3114	2509	3003	2648	2306	11.245731400325894
2603	3147	2636	2388	2709	3443	3400	2627	3236	3111	2507	3015	2646	2308	11.261775600258261
2604	3147	2638	2398	2708	3444	3399	2625	3249	3110	2505	3021	2645	2310	11.277766500134021
2604	3147	2637	2400	2709	3443	3397	2624	3260	3111	2504	3023	2646	2310	11.293758800253272
2604	3147	2639	2400	2708	3441	3397	2622	3263	3110	2503	3024	2646	2311	11.309891200158745
2604	3146	2640	2402	2708	3441	3397	2621	3261	3110	2505	3023	2645	2311	11.325737799983472
2606	3146	2640	2402	2709	3441	3397	2621	3260	3111	2504	3015	2644	2308	11.341800200287253
2605	3146	2641	2400	2709	3441	3396	2619	3251	3111	2507	3000	2643	2308	11.357837500050664
2607	3147	2643	2401	2708	3441	3397	2618	3246	3109	2508	2992	2642	2306	11.373869800008833
2605	3147	2641	2402	2709	3442	3397	2618	3240	3111	2510	2989	2642	2303	11.389762200415134
2605	3147	2643	2401	2708	3440	3398	2615	3224	3112	2511	2985	2641	2302	11.405777000356466
2605	3147	2643	2401	2708	3440	3398	2615	3222	3111	2511	2982	2642	2301	11.41372700035572
2606	3147	2640	2403	2708	3439	3399	2616	3216	3111	2511	2968	2641	2299	11.42974210018292
2607	3148	2639	2401	2709	3439	3398	2614	3201	3111	2511	2958	2641	2296	11.445732000283897
2605	3148	2637	2402	2709	3439	3398	2614	3193	3110	2513	2952	2639	2295	11.461766100022942
2605	3147	2638	2401	2709	3440	3398	2612	3184	3110	2513	2942	2638	2293	11.477716500405222
2606	3146	2639	2401	2710	3438	3398	2612	3173	3110	2513	2934	2639	2294	11.493760700337589
2606	3146	2637	2403	2711	3438	3398	2611	3159	3111	2514	2928	2638	2294	11.509720300324261
2605	3146	2635	2404	2710	3436	3398	2611	3151	3109	2515	2922	2637	2293	11.525721600279212
2603	3147	2634	2404	2711	3438	3398	2611	3144	3109	2517	2915	2638	2291	11.541713000275195
2604	3147	2634	2403	2711	3438	3396	2611	3135	3107	2517	2910	2638	2291	11.557739700190723
2605	3147	2632	2401	2709	3437	3397	2613	3133	3109	2517	2909	2636	2291	11.57372420001775
2604	3147	2632	2402	2711	3436	3398	2612	3128	3106	2515	2910	2638	2290	11.58975060004741
2604	3146	2630	2399	2712	3437	3396	2612	3125	3107	2517	2907	2637	2290	11.605818500276655
2603	3148	2628	2399	2720	3435	3395	2613	3119	3107	2518	2904	2640	2291	11.621806100010872
2603	3148	2624	2396	2721	3435	3395	2615	3115	3106	2518	2905	2639	2291	11.637831000145525
2602	3148	2622	2389	2721	3433	3396	2620	3107	3103	2516	2908	2639	2293	11.653809800278395
2599	3147	2618	2381	2717	3420	3397	2621	3100	3104	2517	2910	2638	2294	11.66972710005939
2597	3148	2619	2367	2706	3409	3395	2622	3095	3101	2517	2915	2639	2294	11.685843900311738
2592	3147	2617	2346	2699	3389	3392	2626	3090	3100	2515	2917	2639	2295	11.701904500368983
2581	3147	2608	2323	2688	3361	3390	2630	3089	3099	2515	2920	2638	2295	11.71790730021894
2573	3148	2599	2308	2684	3334	3388	2636	3088	3097	2513	2922	2639	2299	11.733832500409335
2573	3148	2599	2308	2684	3334	3388	2637	3090	3096	2512	2925	2640	2304	11.741812500171363
2554	3152	2575	2294	2681	3301	3386	2641	3092	3093	2509	2930	2640	2311	11.75774750020355
2512	3152	2549	2288	2679	3271	3385	2647	3096	3087	2506	2937	2639	2322	11.773788100108504
2497	3156	2516	2286	2679	3249	3385	2655	3092	3081	2512	2946	2640	2348	11.789718199986964
2487	3161	2494	2282	2682	3235	3384	2661	3082	3070	2538	2959	2646	2383	11.805831900332123
2478	3174	2478	2281	2681	3215	3384	2668	3073	3062	2561	2981	2653	2413	11.821745000313967
2474	3179	2468	2281	2683	3213	3383	2675	3082	3054	2604	2994	2662	2449	11.837800600100309
2469	3181	2455	2281	2681	3203	3381	2690	3072	3051	2662	3019	2685	2490	11.853748100344092
2461	3185	2450	2279	2681	3183	3381	2722	3051	3050	2730	3033	2711	2547	11.869703400414437
2459	3190	2445	2279	2685	3174	3377	2740	3048	3050	2809	3037	2741	2593	11.8857173002325
2456	3192	2443	2287	2688	3170	3376	2754	3046	3054	2882	3056	2770	2621	11.901738699991256
2455	3193	2442	2287	2695	3174	3377	2766	3039	3061	2946	3089	2809	2638	11.91774920001626
2453	3196	2438	2293	2701	3180	3376	2772	3025	3071	3009	3124	2856	2665	11.933718600310385
2452	3197	2436	2301	2703	3192	3377	2773	3018	3084	3091	3157	2898	2699	11.94972370006144
2452	3200	2435	2313	2703	3204	3377	2766	3007	3093	3134	3197	2937	2719	11.965717799961567
2452	3201	2431	2323	2704	3234	3376	2751	3006	3107	3159	3236	2977	2735	11.981729600112885
2452	3204	2428	2327	2702	3246	3377	2738	3001	3113	3179	3267	3003	2744	11.997720300219953
2453	3205	2426	2326	2694	3249	3377	2733	2988	3115	3193	3291	3023	2753	12.013729400001466
2454	3206	2427	2325	2688	3236	3378	2731	2969	3115	3202	3309	3027	2759	12.029815700370818
2455	3206	2432	2320	2679	3211	3377	2732	2948	3113	3216	3317	3030	2767	12.045715100131929
2455	3206	2432	2320	2679	3211	3377	2734	2921	3111	3223	3324	3028	2768	12.053755900356919
2453	3208	2440	2313	2667	3180	3376	2742	2892	3112	3223	3327	3023	2772	12.069749800022691
2451	3208	2445	2310	2665	3165	3379	2744	2866	3108	3223	3331	3018	2772	12.085762400180101
2452	3211	2445	2309	2663	3162	3377	2747	2846	3107	3226	3329	3013	2771	12.101750600151718
2452	3210	2449	2308	2662	3158	3382	2754	2814	3109	3220	3331	3009	2769	12.117740000132471
2452	3210	2451	2299	2659	3149	3381	2762	2786	3111	3220	3337	3010	2768	12.13379880040884
2453	3209	2451	2296	2659	3147	3382	2762	2769	3115	3221	3341	3011	2768	12.149773500394076
2454	3207	2460	2295	2662	3150	3386	2764	2763	3114	3221	3343	3013	2769	12.165734500158578
2453	3208	2463	2296	2664	3154	3384	2764	2751	3116	3223	3343	3015	2769	12.181774700060487
2453	3209	2465	2294	2664	3154	3387	2767	2740	3117	3222	3345	3020	2768	12.197748700156808
2451	3208	2466	2290	2666	3153	3383	2767	2735	3120	3222	3352	3023	2769	12.213773300405592
2451	3207	2467	2291	2667	3159	3385	2768	2731	3125	3227	3356	3025	2770	12.229763600043952
2450	3209	2468	2289	2669	3166	3386	2768	2725	3126	3226	3361	3028	2770	12.245782500132918
2450	3208	2468	2287	2670	3167	3384	2767	2720	3130	3226	3366	3032	2770	12.261737500317395
2450	3208	2470	2284	2671	3163	3384	2769	2713	3132	3228	3370	3033	2770	12.277775099966675
2450	3207	2470	2283	2668	3157	3383	2771	2709	3134	3233	3372	3035	2771	12.293770600110292
2450	3209	2471	2283	2669	3159	3385	2772	2703	3138	3234	3376	3042	2771	12.309747999999672
2448	3209	2470	2284	2669	3163	3384	2771	2701	3140	3231	3377	3044	2770	12.325722800102085
2448	3208	2471	2283	2670	3163	3382	2771	2700	3141	3230	3379	3045	2769	12.341783700045198
2448	3208	2470	2279	2668	3152	3381	2772	2696	3144	3227	3380	3046	2767	12.357731600292027
2449	3209	2466	2275	2667	3149	3383	2770	2690	3148	3227	3379	3049	2764	12.373806400224566
2449	3209	2466	2275	2667	3149	3383	2770	2690	3146	3231	3381	3050	2765	12.381698700133711
2448	3209	2466	2273	2666	3148	3381	2771	2690	3148	3232	3381	3052	2762	12.39776370022446
2449	3211	2468	2273	2666	3149	3381	2772	2692	3149	3233	3383	3054	2762	12.413744000252336
2449	3211	2465	2273	2667	3150	3381	2771	2692	3150	3229	3387	3053	2759	12.429809200111777
2448	3211	2466	2272	2666	3150	3383	2771	2688	3150	3226	3387	3055	2758	12.4457454001531
2449	3210	2467	2272	2665	3150	3381	2769	2688	3151	3230	3386	3054	2756	12.461810900364071
2447	3209	2467	2274	2668	3153	3380	2769	2688	3151	3230	3388	3057	2754	12.477716700173914
2446	3211	2468	2277	2667	3156	3383	2768	2691	3151	3229	3391	3058	2753	12.49377700034529
2447	3211	2466	2278	2667	3158	3383	2767	2690	3152	3226	3392	3059	2753	12.509762600064278
2447	3211	2466	2279	2668	3159	3382	2767	2688	3151	3223	3392	3055	2750	12.525720300152898
2447	3211	2465	2275	2668	3158	3383	2767	2689	3152	3218	3394	3057	2748	12.541743700392544
2447	3212	2464	2274	2665	3153	3380	2764	2687	3151	3219	3393	3056	2746	12.557828300166875
2447	3211	2465	2273	2664	3152	3381	2764	2690	3150	3220	3394	3054	2742	12.573753600008786
2445	3212	2462	2271	2661	3142	3382	2761	2699	3151	3219	3396	3054	2740	12.589721200056374
2445	3213	2458	2272	2658	3128	3383	2756	2710	3149	3216	3399	3053	2738	12.605765500105917
2447	3215	2459	2274	2659	3121	3381	2750	2734	3147	3215	3398	3051	2738	12.621754399966449
2449	3216	2455	2276	2658	3119	3384	2740	2761	3142	3213	3400	3048	2739	12.637768200132996
2450	3217	2453	2278	2657	3119	3386	2733	2787	3136	3216	3395	3045	2741	12.653770300094038
2453	3215	2446	2278	2657	3119	3385	2731	2806	3129	3217	3392	3039	2742	12.669792900327593
2454	3207	2431	2279	2656	3118	3383	2729	2813	3128	3218	3396	3044	2749	12.685743500012904
2454	3207	2431	2279	2656	3118	3383	2730	2822	3133	3217	3400	3049	2759	12.69377090036869
2456	3199	2427	2280	2657	3116	3384	2730	2830	3138	3214	3402	3055	2766	12.709757199976593
2464	3193	2422	2281	2651	3117	3382	2729	2831	3148	3210	3402	3067	2771	12.725839500315487
2462	3190	2422	2282	2647	3113	3381	2732	2825	3151	3201	3401	3075	2779	12.741908800322562
2464	3189	2424	2286	2647	3103	3381	2732	2820	3156	3200	3401	3087	2796	12.757783100008965
2464	3189	2429	2292	2653	3097	3380	2733	2813	3171	3197	3399	3100	2809	12.773906900081784
2466	3190	2440	2295	2658	3088	3380	2736	2806	3184	3201	3396	3111	2825	12.789761899970472
2467	3188	2445	2296	2658	3083	3381	2738	2806	3191	3234	3392	3114	2836	12.805750900413841
2469	3188	2447	2297	2663	3081	3378	2740	2806	3195	3248	3391	3111	2850	12.82174210017547
2469	3186	2448	2300	2662	3080	3378	2745	2803	3200	3256	3387	3106	2862	12.837731700390577
2471	3186	2446	2302	2666	3078	3376	2750	2805	3205	3270	3386	3108	2872	12.853796700015664
2472	3184	2445	2311	2669	3086	3374	2751	2805	3214	3283	3383	3105	2882	12.869738100096583
2473	3183	2445	2310	2671	3087	3375	2751	2807	3210	3293	3381	3107	2888	12.885730900336057
2473	3183	2447	2308	2672	3085	3374	2754	2802	3213	3296	3379	3106	2890	12.901733600068837
2473	3184	2446	2308	2675	3082	3373	2759	2790	3214	3296	3381	3101	2891	12.91771459998563
2475	3181	2440	2306	2679	3077	3372	2763	2783	3214	3293	3376	3099	2895	12.93375530000776
2473	3183	2444	2304	2679	3076	3370	2765	2779	3216	3298	3379	3098	2896	12.949747700244188
2474	3183	2442	2301	2680	3080	3371	2765	2776	3216	3299	3379	3096	2898	12.965762100182474
2474	3181	2439	2297	2679	3082	3372	2766	2772	3217	3293	3377	3096	2895	12.981727300211787
2476	3181	2439	2293	2676	3082	3372	2766	2768	3217	3283	3380	3096	2891	12.997756200376898
2476	3181	2437	2292	2678	3080	3370	2767	2763	3215	3278	3379	3093	2888	13.013762200251222
2477	3180	2437	2290	2679	3080	3370	2768	2761	3215	3277	3377	3091	2889	13.02978580025956
2477	3180	2437	2290	2679	3080	3370	2766	2761	3213	3275	3378	3091	2890	13.037763400003314
2477	3181	2437	2290	2677	3083	3371	2767	2758	3212	3273	3379	3089	2890	13.053764200303704
2478	3180	2436	2287	2676	3084	3371	2767	2758	3213	3273	3380	3089	2889	13.069738100282848
2481	3181	2437	2287	2676	3087	3371	2767	2754	3211	3266	3380	3088	2886	13.085797199979424
2479	3180	2438	2284	2675	3086	3370	2765	2752	3210	3264	3378	3087	2884	13.101745699997991
2483	3179	2438	2283	2674	3084	3370	2766	2751	3211	3260	3378	3086	2885	13.117799100000411
2481	3180	2436	2283	2676	3087	3370	2766	2751	3207	3260	3378	3086	2886	13.133775600232184
2482	3180	2434	2283	2675	3090	3369	2766	2753	3210	3262	3378	3087	2885	13.149720600340515
2485	3180	2436	2282	2675	3092	3370	2764	2752	3209	3260	3377	3087	2885	13.16573360003531
2482	3180	2435	2282	2673	3093	3370	2765	2753	3209	3258	3375	3086	2882	13.181745200417936
2485	3180	2435	2282	2673	3093	3370	2765	2754	3208	3256	3378	3084	2880	13.197741399984807
2485	3180	2435	2282	2673	3096	3371	2762	2755	3206	3255	3374	3083	2881	13.213762300089002
2486	3180	2434	2285	2675	3105	3371	2760	2760	3204	3256	3374	3082	2881	13.22974510025233
2484	3179	2436	2286	2675	3115	3371	2755	2764	3205	3255	3375	3083	2877	13.24572140024975
2485	3179	2437	2284	2675	3116	3370	2756	2762	3203	3254	3374	3081	2876	13.261721400078386
2486	3179	2437	2284	2677	3119	3370	2756	2762	3203	3252	3372	3081	2876	13.277731399983168
2487	3180	2438	2287	2676	3122	3370	2756	2764	3201	3252	3372	3081	2873	13.293719900306314
2485	3179	2438	2287	2676	3129	3370	2755	2765	3201	3251	3372	3079	2871	13.309733900241554
2484	3179	2439	2287	2678	3135	3371	2752	2767	3200	3253	3371	3076	2868	13.325719600077718
2488	3180	2439	2289	2677	3134	3370	2752	2768	3199	3250	3370	3076	2868	13.341715500224382
2488	3180	2439	2289	2677	3134	3370	2754	2767	3198	3250	3370	3072	2869	13.349740200210363
2487	3179	2438	2290	2679	3139	3371	2752	2767	3196	3246	3371	3073	2867	13.365729100070894
2490	3179	2439	2289	2679	3143	3371	2750	2769	3196	3248	3372	3073	2866	13.381744500249624
2491	3179	2439	2290	2679	3146	3372	2747	2772	3197	3246	3370	3071	2868	13.397733900230378
2489	3179	2438	2289	2680	3144	3371	2745	2774	3196	3246	3370	3072	2863	13.413779900409281
2490	3179	2440	2287	2679	3143	3371	2752	2772	3196	3246	3370	3070	2863	13.42975650029257
2490	3180	2438	2287	2679	3143	3370	2750	2771	3196	3247	3369	3070	2863	13.445751100312918
2490	3179	2439	2289	2680	3146	3371	2748	2773	3195	3245	3370	3071	2862	13.461772500071675
2488	3178	2438	2290	2681	3149	3371	2744	2781	3195	3245	3370	3070	2860	13.477796600200236
2489	3178	2439	2293	2684	3151	3372	2738	2790	3196	3245	3368	3070	2857	13.493905400391668
2487	3179	2437	2294	2686	3154	3373	2736	2796	3195	3243	3368	3073	2847	13.509913300164044
2486	3180	2438	2294	2688	3156	3372	2731	2801	3193	3242	3360	3071	2831	13.525920600164682
2483	3178	2437	2293	2691	3158	3373	2729	2805	3194	3239	3354	3071	2821	13.541756500024348
2483	3178	2435	2294	2697	3165	3375	2727	2811	3190	3233	3357	3069	2811	13.557770400308073
2479	3179	2433	2295	2697	3177	3374	2723	2811	3188	3207	3357	3069	2803	13.573802900034934
2477	3180	2433	2298	2708	3199	3374	2722	2812	3188	3192	3362	3067	2797	13.58974810037762
2474	3183	2438	2302	2715	3216	3377	2718	2832	3191	3193	3369	3066	2792	13.60572350025177
2465	3191	2445	2308	2721	3228	3378	2710	2864	3193	3192	3372	3066	2779	13.62174960039556
2464	3195	2449	2312	2732	3241	3383	2704	2903	3194	3187	3377	3064	2771	13.637739900033921
2459	3202	2447	2318	2745	3256	3387	2698	2932	3193	3188	3378	3060	2767	13.653730800375342
2459	3202	2447	2318	2745	3256	3387	2703	2955	3189	3193	3382	3055	2767	13.661728900391608
2455	3205	2443	2330	2763	3283	3394	2726	2999	3188	3194	3382	3054	2765	13.67777100019157
2455	3207	2439	2345	2787	3307	3401	2746	3057	3186	3188	3389	3049	2762	13.693712700158358
2447	3205	2437	2356	2813	3329	3407	2763	3088	3179	3183	3387	3046	2749	13.709730900358409
2448	3205	2436	2380	2851	3347	3413	2772	3118	3172	3179	3391	3043	2734	13.725722300354391
2448	3205	2434	2413	2895	3376	3419	2795	3157	3161	3179	3394	3047	2728	13.741729200351983
2449	3204	2432	2477	2934	3406	3437	2825	3214	3149	3180	3396	3050	2716	13.75772130023688
2452	3204	2432	2541	2957	3429	3452	2836	3274	3134	3196	3396	3054	2714	13.773725000210106
2453	3205	2436	2584	2971	3439	3458	2843	3308	3120	3189	3400	3060	2714	13.789733900222927
2455	3206	2441	2637	2981	3447	3467	2844	3327	3110	3180	3404	3058	2710	13.805764900054783
2457	3205	2443	2687	2984	3455	3478	2844	3339	3095	3174	3402	3046	2709	13.821753000374883
2457	3205	2447	2733	2978	3464	3497	2850	3346	3088	3171	3403	3043	2707	13.837740000337362
2459	3205	2449	2815	2986	3473	3505	2858	3346	3086	3175	3406	3035	2706	13.853732000105083
2459	3204	2443	2836	2994	3478	3518	2864	3348	3085	3178	3406	3032	2703	13.869746600277722
2458	3205	2438	2852	3001	3482	3524	2873	3350	3084	3179	3408	3035	2703	13.885736500378698
2456	3205	2434	2860	3025	3490	3530	2879	3351	3082	3180	3406	3033	2702	13.901734299957752
2454	3204	2432	2865	3032	3493	3536	2884	3350	3082	3180	3404	3038	2703	13.917737200390548
2450	3206	2430	2866	3043	3499	3539	2889	3352	3081	3183	3407	3043	2703	13.933715000282973
2449	3205	2430	2872	3047	3500	3545	2891	3355	3081	3189	3407	3045	2704	13.949803800322115
2447	3207	2428	2878	3053	3502	3551	2893	3353	3081	3191	3407	3047	2704	13.965822700411081
2443	3208	2426	2880	3057	3504	3557	2895	3353	3082	3195	3406	3050	2701	13.98185080010444
2441	3208	2426	2888	3060	3505	3564	2896	3351	3081	3196	3407	3053	2701	13.997758600395173
2441	3208	2425	2893	3064	3504	3566	2895	3352	3080	3201	3406	3055	2703	14.013833400327712
2441	3208	2425	2893	3064	3504	3566	2897	3351	3080	3203	3406	3056	2703	14.021844200324267
2438	3208	2425	2900	3066	3507	3567	2900	3352	3080	3205	3408	3058	2704	14.037745099980384
2438	3208	2424	2904	3069	3508	3568	2899	3351	3079	3209	3406	3058	2706	14.0537761002779
2436	3208	2423	2907	3070	3508	3570	2899	3352	3080	3211	3408	3063	2705	14.069808500353247
2435	3210	2424	2912	3070	3506	3571	2901	3351	3080	3213	3406	3064	2706	14.085732000414282
2435	3209	2425	2916	3072	3510	3574	2901	3350	3081	3215	3408	3064	2708	14.101828100159764
2436	3210	2422	2917	3071	3506	3572	2901	3349	3081	3216	3406	3065	2711	14.117744700051844
2435	3209	2422	2918	3073	3508	3572	2901	3348	3081	3214	3407	3065	2712	14.133730300236493
2433	3209	2422	2918	3073	3509	3574	2898	3348	3081	3217	3406	3066	2717	14.149758900050074
2435	3210	2421	2919	3073	3507	3577	2898	3347	3079	3219	3406	3065	2718	14.165709200315177
2435	3210	2419	2916	3075	3507	3577	2897	3346	3081	3218	3404	3069	2720	14.1817693002522
2434	3209	2423	2918	3074	3510	3578	2898	3345	3081	3218	3406	3065	2723	14.197740400210023
2435	3211	2420	2919	3074	3508	3577	2898	3346	3082	3220	3405	3066	2724	14.213739500381052
2436	3210	2420	2921	3077	3508	3579	2899	3345	3081	3219	3404	3066	2726	14.229710100218654
2435	3211	2421	2918	3076	3508	3576	2898	3347	3079	3220	3402	3065	2724	14.245720500126481
2435	3211	2422	2915	3077	3510	3577	2898	3345	3081	3221	3402	3067	2724	14.261729800142348
2437	3211	2421	2916	3075	3508	3577	2897	3345	3080	3222	3402	3065	2725	14.277735900133848
2437	3212	2419	2917	3078	3507	3577	2897	3345	3079	3222	3400	3066	2727	14.29376590019092
2436	3212	2420	2919	3078	3508	3577	2897	3344	3081	3222	3402	3064	2727	14.30978130036965
2439	3211	2422	2919	3078	3507	3578	2898	3345	3080	3220	3401	3064	2727	14.325748700182885
2438	3211	2420	2915	3077	3507	3578	2897	3344	3079	3221	3400	3066	2727	14.34172430029139
2438	3211	2420	2915	3077	3507	3578	2897	3344	3078	3223	3401	3065	2727	14.349734700284898
2437	3212	2418	2913	3078	3510	3575	2898	3344	3081	3225	3399	3065	2727	14.365773900412023
2438	3211	2420	2915	3079	3507	3576	2896	3345	3080	3223	3400	3064	2727	14.381784500088543
2439	3213	2422	2916	3079	3507	3576	2897	3345	3080	3221	3400	3066	2728	14.39783120015636
2438	3212	2422	2914	3078	3506	3576	2898	3344	3081	3223	3400	3065	2727	14.413753600325435
2439	3213	2422	2909	3075	3507	3574	2898	3344	3081	3224	3400	3065	2727	14.42973790038377
2440	3213	2424	2903	3072	3503	3571	2897	3345	3081	3223	3400	3064	2727	14.445767200086266
2440	3214	2424	2901	3072	3505	3570	2898	3344	3080	3227	3399	3063	2727	14.46175320027396
2441	3212	2423	2898	3069	3502	3569	2899	3345	3079	3231	3398	3062	2726	14.477732100058347
2441	3213	2423	2896	3066	3501	3567	2900	3345	3080	3234	3400	3061	2724	14.493757000193
2441	3212	2423	2873	3060	3500	3564	2897	3345	3078	3238	3398	3058	2725	14.509860800113529
2442	3214	2422	2867	3054	3496	3562	2895	3345	3079	3239	3397	3055	2724	14.525798600167036
2443	3214	2422	2866	3048	3496	3557	2894	3345	3079	3237	3396	3054	2724	14.541782000102103
2441	3213	2422	2864	3048	3494	3557	2894	3345	3078	3235	3396	3052	2722	14.557768600061536
2441	3215	2422	2863	3048	3493	3556	2894	3344	3077	3230	3396	3052	2721	14.573727200273424
2441	3216	2422	2857	3043	3485	3556	2892	3343	3077	3224	3394	3049	2720	14.589735000394285
2442	3215	2422	2849	3037	3483	3549	2888	3341	3076	3218	3392	3044	2722	14.605777699965984
2441	3214	2418	2845	3030	3481	3547	2889	3342	3077	3219	3391	3046	2720	14.62175070028752
2441	3215	2416	2838	3031	3480	3547	2886	3341	3077	3220	3389	3047	2722	14.637758700177073
2441	3216	2413	2834	3030	3479	3547	2884	3343	3076	3220	3390	3049	2722	14.653724800329655
2441	3216	2413	2834	3030	3479	3547	2881	3341	3076	3221	3387	3049	2724	14.661792600061744
2443	3214	2410	2831	3027	3477	3547	2880	3341	3078	3218	3386	3046	2724	14.677822700235993
2443	3213	2409	2824	3024	3475	3546	2877	3340	3077	3217	3386	3043	2726	14.693717100191861
2445	3215	2410	2816	3025	3473	3543	2872	3339	3076	3215	3380	3040	2726	14.709799200296402
2446	3215	2410	2813	3024	3473	3542	2869	3338	3075	3214	3377	3040	2729	14.725766400340945
2444	3215	2408	2813	3024	3472	3542	2869	3338	3077	3214	3380	3040	2727	14.741740600205958
2447	3216	2408	2813	3023	3470	3541	2871	3338	3076	3214	3379	3039	2728	14.757716900203377
2446	3216	2409	2813	3022	3473	3542	2870	3339	3075	3216	3378	3039	2728	14.77372770011425
2448	3216	2409	2811	3021	3472	3541	2870	3338	3076	3215	3378	3036	2727	14.789761600084603
2448	3216	2412	2807	3020	3471	3538	2869	3337	3074	3215	3379	3030	2728	14.805737200193107
2450	3216	2413	2798	3018	3469	3537	2866	3335	3075	3212	3377	3029	2725	14.821732900105417
2450	3215	2415	2793	3011	3466	3534	2861	3333	3076	3203	3374	3023	2724	14.837723200209439
2452	3215	2417	2780	3006	3465	3533	2854	3327	3075	3194	3372	3018	2721	14.85375010035932
2454	3215	2423	2767	2979	3459	3528	2839	3322	3074	3182	3364	3003	2716	14.869767799973488
2452	3214	2425	2738	2954	3453	3519	2822	3311	3072	3151	3347	2983	2706	14.885813400149345
2455	3215	2430	2703	2928	3440	3504	2797	3305	3072	3115	3333	2949	2690	14.901822900399566
2458	3214	2432	2669	2893	3434	3491	2773	3290	3070	3068	3314	2916	2660	14.917739800177515
2458	3214	2433	2633	2856	3426	3474	2757	3280	3067	3013	3296	2877	2621	14.933743700385094
2458	3214	2435	2580	2806	3413	3448	2736	3271	3064	2935	3256	2830	2586	14.94976960029453
2456	3215	2437	2516	2765	3403	3433	2717	3262	3057	2851	3195	2773	2553	14.965767800342292
2456	3215	2437	2516	2765	3403	3433	2702	3246	3051	2772	3137	2742	2515	14.973744800314307
2456	3215	2441	2441	2738	3377	3412	2686	3222	3048	2704	3089	2728	2479	14.989734400063753
2455	3215	2446	2393	2735	3342	3404	2678	3204	3052	2659	3060	2717	2446	15.005779400002211
2457	3215	2449	2366	2725	3315	3397	2677	3191	3056	2629	3039	2707	2418	15.021759200375527
2456	3216	2454	2350	2717	3302	3393	2674	3185	3064	2610	3023	2701	2398	15.037718000356108
2458	3212	2461	2339	2710	3288	3390	2671	3184	3071	2603	3005	2693	2382	15.053773400373757
2463	3211	2467	2328	2699	3282	3388	2670	3185	3080	2586	2994	2686	2370	15.069785400293767
2463	3211	2470	2325	2697	3285	3390	2668	3155	3083	2569	2998	2681	2358	15.085753899998963
2464	3212	2472	2323	2694	3288	3387	2665	3159	3087	2564	2991	2678	2352	15.101773700211197
2463	3212	2472	2323	2693	3291	3389	2668	3158	3087	2558	2989	2672	2348	15.117728000041097
2465	3211	2473	2319	2690	3295	3389	2666	3158	3089	2556	2988	2671	2342	15.133723200298846
2469	3211	2476	2319	2685	3298	3389	2667	3159	3088	2550	2985	2669	2335	15.149730800185353
2470	3211	2478	2317	2683	3299	3389	2667	3158	3089	2549	2982	2668	2330	15.165741099976003
2469	3212	2481	2318	2679	3295	3387	2667	3156	3091	2549	2981	2669	2327	15.181775600183755
2469	3211	2481	2318	2678	3291	3388	2667	3154	3092	2549	2983	2666	2325	15.197761100251228
2470	3210	2482	2317	2674	3291	3390	2668	3156	3093	2546	2984	2665	2325	15.213776400312781
2470	3212	2483	2318	2675	3294	3388	2669	3159	3093	2543	2984	2661	2325	15.229752500075847
2469	3211	2485	2318	2672	3302	3389	2670	3159	3095	2545	2984	2659	2324	15.245744700077921
2469	3212	2486	2318	2674	3298	3389	2670	3164	3095	2543	2985	2657	2320	15.261728300247341
2470	3211	2487	2319	2673	3298	3390	2670	3168	3096	2542	2985	2657	2319	15.277727200184017
2470	3211	2487	2319	2673	3298	3390	2671	3173	3095	2543	2985	2654	2323	15.285724699962884
2469	3210	2485	2318	2673	3300	3389	2668	3175	3098	2541	2987	2654	2320	15.301790200173855
2473	3212	2487	2316	2674	3302	3386	2670	3182	3098	2542	2989	2651	2321	15.317728000227362
2471	3214	2485	2317	2673	3299	3389	2668	3184	3099	2541	2990	2648	2319	15.333786100149155
2471	3211	2484	2317	2673	3293	3390	2669	3185	3099	2540	2991	2645	2318	15.349747400265187
2470	3213	2486	2317	2670	3288	3389	2669	3185	3099	2540	2991	2644	2318	15.365762500092387
2470	3212	2487	2316	2671	3287	3389	2669	3182	3102	2540	2990	2643	2318	15.381805900018662
2469	3213	2487	2316	2670	3287	3390	2671	3183	3102	2540	2991	2643	2317	15.39776000007987
2468	3211	2486	2315	2669	3286	3389	2671	3181	3100	2540	2991	2641	2316	15.413758100010455
2469	3212	2485	2314	2669	3284	3392	2670	3180	3099	2538	2989	2639	2315	15.429742699954659
2468	3214	2487	2314	2670	3285	3389	2668	3180	3099	2540	2990	2640	2315	15.445747200399637
2468	3213	2488	2314	2668	3282	3389	2670	3180	3099	2540	2989	2639	2315	15.461730100214481
2465	3212	2488	2314	2668	3280	3388	2671	3177	3101	2539	2990	2639	2314	15.477790700271726
2467	3213	2489	2315	2668	3281	3389	2671	3176	3100	2540	2989	2639	2314	15.493811100255698
2466	3212	2488	2317	2666	3281	3387	2670	3175	3102	2539	2989	2638	2313	15.50986220035702
2467	3214	2486	2314	2666	3281	3389	2670	3175	3099	2539	2988	2639	2313	15.525718200020492
2464	3213	2486	2315	2666	3278	3387	2668	3171	3100	2538	2989	2638	2313	15.541723600123078
2464	3213	2489	2314	2664	3279	3387	2669	3165	3101	2538	2991	2638	2313	15.55777750024572
2464	3211	2489	2313	2663	3276	3388	2671	3164	3103	2538	2990	2637	2311	15.573858300223947
2465	3213	2490	2314	2663	3275	3385	2671	3160	3104	2538	2992	2638	2311	15.58974610036239
2463	3213	2491	2315	2662	3274	3386	2670	3160	3102	2538	2992	2638	2310	15.605734500102699
2463	3213	2491	2315	2662	3274	3386	2670	3165	3102	2536	2992	2637	2311	15.613771000411361
2463	3212	2491	2315	2662	3274	3388	2670	3169	3105	2537	2993	2638	2310	15.629737900104374
2466	3213	2491	2316	2663	3275	3385	2668	3171	3104	2536	2992	2637	2311	15.645722600165755
2466	3212	2492	2314	2667	3274	3387	2669	3172	3104	2537	2993	2638	2311	15.661747600417584
2466	3214	2490	2313	2665	3274	3386	2667	3174	3104	2535	2994	2636	2312	15.67777550034225
2465	3211	2489	2313	2666	3274	3388	2667	3176	3104	2536	2995	2636	2312	15.693714400287718
2468	3211	2486	2314	2667	3277	3388	2668	3178	3107	2536	2992	2635	2312	15.709718600381166
2466	3212	2490	2314	2667	3277	3391	2666	3178	3102	2534	2993	2636	2313	15.725734000094235
2466	3213	2486	2312	2669	3279	3391	2666	3179	3104	2534	2993	2635	2313	15.741728400345892
2468	3213	2487	2311	2670	3278	3389	2666	3180	3104	2535	2995	2634	2312	15.757813700009137
2466	3214	2486	2311	2670	3279	3390	2665	3180	3103	2531	2994	2635	2314	15.773705900181085
2466	3214	2486	2311	2670	3279	3391	2664	3180	3100	2531	2995	2634	2314	15.789833900053054
2466	3215	2485	2312	2671	3280	3390	2664	3180	3101	2529	2995	2634	2314	15.805772900115699
2468	3214	2484	2311	2670	3279	3391	2664	3179	3100	2529	2994	2633	2314	15.821744200307876
2468	3215	2485	2312	2670	3280	3392	2662	3179	3101	2528	2992	2635	2314	15.837752100080252
2467	3213	2485	2310	2667	3279	3390	2660	3179	3101	2528	2994	2634	2314	15.853822000324726
2469	3214	2485	2312	2667	3278	3391	2662	3176	3100	2529	2995	2633	2316	15.869727100245655
2467	3214	2485	2312	2668	3277	3389	2662	3179	3100	2528	2995	2633	2316	15.885728199966252
2469	3214	2486	2313	2667	3279	3390	2663	3178	3099	2527	2995	2633	2316	15.901744700036943
2469	3214	2486	2310	2668	3279	3390	2662	3179	3098	2527	2995	2633	2317	15.917740600183606
2469	3215	2484	2312	2669	3279	3389	2662	3179	3099	2527	2999	2633	2318	15.933826600201428
2467	3213	2484	2311	2668	3279	3390	2662	3180	3099	2527	2996	2634	2317	15.949785200413316
2467	3213	2484	2311	2668	3279	3390	2663	3180	3098	2528	2996	2633	2316	15.957756600342691
2468	3214	2485	2311	2670	3280	3390	2663	3181	3098	2526	2998	2632	2317	15.973768200259656
2467	3214	2484	2311	2667	3279	3391	2664	3180	3098	2527	2997	2633	2317	15.989747200161219
2468	3213	2485	2311	2668	3280	3391	2662	3182	3096	2527	2997	2631	2317	16.00575270038098
2468	3214	2484	2311	2669	3279	3391	2663	3181	3097	2525	2998	2631	2317	16.021797600202262
2468	3214	2483	2311	2669	3279	3391	2660	3180	3099	2523	2998	2632	2318	16.03777760034427
2468	3214	2483	2311	2671	3279	3392	2660	3181	3096	2522	2998	2631	2318	16.053766299970448
2470	3213	2484	2310	2671	3279	3393	2660	3181	3097	2524	2997	2630	2317	16.0697333002463
2468	3213	2482	2310	2671	3279	3390	2658	3181	3097	2525	2997	2631	2317	16.08579759998247
2468	3216	2483	2312	2671	3279	3392	2659	3181	3097	2523	2997	2630	2317	16.101761600002646
2468	3215	2483	2311	2670	3280	3391	2660	3182	3098	2523	2998	2633	2318	16.1177612002939
2467	3213	2483	2308	2672	3279	3391	2661	3181	3095	2523	2997	2630	2317	16.133733400143683
2469	3214	2483	2309	2671	3280	3391	2659	3182	3096	2524	2997	2630	2318	16.149751900229603
2470	3213	2483	2310	2671	3281	3392	2658	3182	3097	2521	2995	2632	2320	16.165805200114846
2469	3213	2483	2309	2671	3280	3391	2659	3183	3097	2523	2996	2631	2319	16.18193030031398
2467	3212	2482	2310	2669	3280	3392	2658	3181	3096	2522	2997	2631	2320	16.19773230003193
2467	3214	2484	2310	2671	3278	3390	2659	3181	3097	2521	2996	2631	2319	16.213803000282496
2468	3214	2483	2309	2671	3277	3392	2657	3182	3096	2520	2996	2630	2318	16.229718800168484
2469	3213	2483	2310	2671	3279	3392	2659	3182	3096	2521	2995	2631	2317	16.245735100004822
2468	3213	2482	2310	2671	3279	3393	2657	3182	3096	2519	2996	2630	2319	16.261823900043964
2468	3213	2482	2310	2671	3279	3393	2659	3183	3097	2519	2995	2630	2318	16.26972130034119
2468	3213	2483	2309	2671	3277	3392	2661	3183	3095	2519	2996	2630	2318	16.285791900008917
2469	3214	2484	2310	2671	3278	3391	2658	3182	3097	2520	2995	2628	2318	16.301803800277412
2468	3213	2482	2310	2671	3278	3391	2659	3184	3097	2519	2996	2628	2317	16.317806100007147
2467	3213	2482	2309	2670	3278	3391	2659	3182	3097	2519	2995	2630	2317	16.333788100164384
2469	3215	2482	2309	2671	3278	3391	2659	3182	3097	2518	2993	2628	2318	16.349825800396502
