theory	visuomotor	cortex	y	run	response_time	latency
1.9310799612942973	25.60726087401919	-14.260121193874284	0	2	0.1679811477661132	0.1169759250001334
1.936890812213957	40.14474140167436	-9.831234021531781	1	2	0.4918069839477539	0.4452351840000119
2.6999658135166253	58.66458131413946	11.564488741480048	1	2	0.184046983718872	0.1268606990001899
2.4465497640810625	79.76330067869947	32.368541413300775	1	2	0.2226998805999755	0.1968705849999423
1.9700351366937363	25.79834360732452	20.696515779053094	0	2	0.2690019607543945	0.2197050059999128
1.7635476733897464	28.022457316287202	17.779018886472855	0	2	0.2662961483001709	0.2211381019997134
2.332858858570784	-7.11881893228634	-11.465343959418188	1	2	0.2185409069061279	0.1884454149999328
1.7543454036182944	-18.12319340734397	0.7938162107608142	1	2	0.1862800121307373	0.1461219549996713
0.5553252113940532	-2.2424457040267756	-18.09467487345022	0	2	0.2221748828887939	0.1758727800001907
0.7838310934751564	8.17037977117252	4.912854054521459	0	2	0.2580089569091797	0.2169305050001639
2.155309493532233	29.309059439059062	10.63164680813064	1	2	0.1967818737030029	0.1510323710003831
3.274486312171895	-8.480322372377598	8.928693187267967	0	2	0.1893541812896728	0.1452977419999115
1.2257391520454264	29.807674139649222	3.1900962315102452	0	2	0.2144708633422852	0.1709870350000528
2.1977266888694853	77.95379747997629	11.01080811650682	1	2	0.1958560943603516	0.1530990649998784
2.577273077167553	48.89922194431476	2.5206557781063506	1	2	0.1978428363800048	0.1736285400002089
-0.03531464404524759	18.42901734356453	-16.13169080395689	0	2	0.2195990085601806	0.1743514610002421
-0.1894534012939354	6.3638078422651745	1.2552843529828228	0	2	0.1892080307006836	0.1390492880000238
-0.4487317193853271	-2.202134462496341	-7.434769267854988	1	2	0.1801509857177734	0.145278977000089
-0.3656712737373716	-20.7073838937237	-15.319177758265898	0	2	0.1981029510498047	0.148296222999761
-0.8304715848130104	-21.9797680145916	4.671568517378668	1	2	0.2061488628387451	0.1682563619997381
-0.4925169236672171	-41.81707564957494	-0.9696463047516661	0	2	0.1998839378356933	0.1510739969999122
-0.15130425057210495	-40.836513455378174	-3.9046133755839003	0	2	0.2078011035919189	0.157978587999878
0.6938264215045935	5.687346903719843	-2.7274970420309463	1	2	0.1948158740997314	0.1668219479997787
0.5127702139556036	-10.703731880327854	5.740985202551634	1	2	0.1993870735168457	0.1780090490001384
0.3831135725036779	-8.56161370132886	3.139071628028294	0	2	0.2000899314880371	0.1491619629996421
1.9643075471869376	6.936530049195802	-2.7097407578782304	1	2	0.2217881679534912	0.1872489240004142
1.6552852262223339	38.41656615503184	8.235496396999022	0	2	0.2202410697937012	0.1801755410001533
2.0379138322394654	51.87400315260581	11.883534058164809	0	2	0.2185778617858886	0.1794250089997149
3.854907039955049	9.178732836649878	8.458809933978326	1	2	0.1989750862121582	0.149046983000062
2.049052477734505	8.442131893994226	-0.08709943970869194	0	2	0.2422389984130859	0.1871940940000058
1.854420726846475	41.32968091049014	-8.143162766946858	1	2	0.2176668643951416	0.1750478490002933
1.210815783019299	24.50388045155166	1.5987958230822246	1	2	0.2238209247589111	0.1808320230002209
1.4440450025957632	26.806441370050436	8.855422128380585	1	2	0.2155189514160156	0.1833286000000953
2.1544022906398306	34.44968497675397	14.702571875726317	1	2	0.1958370208740234	0.1673401789998934
2.5188200035895694	40.276481731380706	5.518811919870088	1	2	0.2077081203460693	0.1679147570002896
3.310258070279551	57.0934804479244	0.16237450424091815	1	2	0.2174441814422607	0.163273307000054
0.09891975887961019	40.07590344172308	-11.17221683149743	0	2	0.1997900009155273	0.1509793029999855
1.5550090096264482	72.36452170360948	11.493082707417184	0	2	0.2034139633178711	0.1466298190002817
0.6647898881032341	-19.81690582981912	-13.852215324038117	0	2	0.19992995262146	0.1482707420000224
0.197228688868885	-11.322360797373792	-14.892024458522343	1	2	0.2239820957183838	0.183591609999894
1.8368980622076758	-6.233695201869066	-4.4824755949744075	0	2	0.2160000801086425	0.156993765000152
2.6923068384710387	-10.166995021884011	8.640987676869024	1	2	0.2178821563720703	0.1765139489998546
1.6453573019808014	-10.345029241459867	-11.736750065209243	0	2	0.209536075592041	0.1733311590000994
0.9552737989853508	20.700219040097544	-9.00188072299849	0	2	0.20284104347229	0.15748368200002
1.0317018556646016	-12.489308033551486	-8.354449973540866	0	2	0.1999080181121826	0.1643439089998537
1.2855065995672172	-16.894494555533285	-7.046229976648367	0	2	0.2519738674163818	0.1855263630000081
1.7465098730709847	13.460921511569566	6.135034208529481	1	2	0.2212281227111816	0.2024618290001854
0.8582935558763893	51.21519121384575	17.732934928348907	0	2	0.2092800140380859	0.1624132449996977
1.1049498638944	29.0260323138274	8.258717788026653	0	2	0.2303049564361572	0.1764543419999427
0.7990691152468985	23.332202231483073	13.987800154565104	1	2	0.224135160446167	0.2009603799997421
1.1170847083103126	44.85960127599079	2.1713048681499547	1	2	0.2083780765533447	0.1727845610002987
0.29976810759660133	1.5760124336376378	1.650052327568017	0	2	0.2332129478454589	0.1897486600000775
0.35546418611595487	18.163043379489075	3.278828114568485	1	2	0.2078869342803955	0.1652161360002537
0.5261020916745442	12.27311850634555	7.0842738294589624	1	2	0.1949751377105713	0.1604862899998806
-0.35580477674059297	-22.01035042480003	-18.300048084955588	0	2	0.2259290218353271	0.1717066329997578
-0.2613578971627363	22.5297441015897	-0.8507269336097876	1	2	0.2252249717712402	0.1961191909999797
0.9214581307015635	24.199522928399453	0.09803953413710254	1	2	0.2242729663848877	0.1813307439997515
0.20263243933241906	7.92689835972992	1.690189230949231	0	2	0.231177806854248	0.1809418039997581
-0.45752120767568505	7.953968633924259	-6.643509725509584	0	2	0.2326018810272216	0.179571358999965
0.47882243837347604	8.384282885805392	4.147553677744606	0	2	0.2168059349060058	0.1628146379998725
1.6461844128509144	16.713025309770643	16.4858553491643	1	2	0.2095398902893066	0.167591345999881
1.5224545737012	-7.333264773828642	11.51981258924993	1	2	0.1935069561004638	0.1629310719999921
0.8347497430710624	-2.5935059644950957	8.703591550927808	0	2	0.2359411716461181	0.1668053350003902
1.3894006010056852	-0.2907957238854051	14.712965976623323	0	2	0.206467866897583	0.1601223749999007
1.8386430252133816	-13.710642626181555	23.986056255187847	1	2	0.2015209197998047	0.1753474040001492
-0.01136406892844588	-11.283837395313414	3.756587263523861	0	2	0.2178220748901367	0.1734515349999128
0.5311518808252118	5.2651955606781655	15.55092449619072	1	2	0.2031230926513672	0.1744904130000577
0.8583699505540268	-14.643710052927561	5.9850079195386545	0	2	0.2066469192504882	0.1540689859998565
0.32702667075769765	-5.112323215661029	1.1692911418203824	0	2	0.2093279361724853	0.1685574379998797
0.5066519665747169	38.11388268302403	21.927952162600565	1	2	0.1836249828338623	0.1609934609996344
0.952705829874559	1.491658809521864	-3.4224960290913327	0	2	0.2189950942993164	0.184338101999856
0.7982631288262935	-51.10878158942452	5.375689809417796	0	3	0.1747651100158691	0.1347770100001071
-0.9147270776494492	-34.56899393157569	-4.145303939671777	0	3	0.1606462001800537	0.1204242990002057
0.018551134661768998	-0.8739735380593241	-3.814065940550435	0	3	0.1396181583404541	0.0931929339999442
0.27010327966052083	16.438176606460576	2.413266360386811	1	3	0.1895818710327148	0.1574143580000964
-0.5008487151937915	6.311102866887586	-7.143336505998639	0	3	0.1884529590606689	0.1408748170001672
-0.09481938495556264	-6.4003521149749805	-12.581123373797567	0	3	0.1813621520996093	0.1367500330002258
0.18702063202046865	12.064105211744808	-7.848045764211785	0	3	0.1995859146118164	0.1491868840003007
0.8749394440638375	-3.117226940554161	-4.674153041451686	1	3	0.1810860633850097	0.1533939910000299
0.6847276780469601	11.661429294900847	-2.952715983822918	0	3	0.1715221405029297	0.1383718949996364
0.9809475840498448	15.195724178983964	-2.9529423607554763	1	3	0.2172648906707764	0.199939421000181
0.8051635826125154	1.6571477072990057	8.01002857472513	0	3	0.1390638351440429	0.1025140199999441
0.4911894622132451	-4.421978405171023	13.463798304789858	1	3	0.1700339317321777	0.1335607020000679
0.9085845026103009	2.6331308379953975	7.58662682912193	1	3	0.2011339664459228	0.1732529890000478
1.0490098909109795	-9.025083958022686	26.887787584861417	0	3	0.1606571674346923	0.1124521809997531
0.3354053465587593	-41.49908500690457	7.824815477701039	0	3	0.1986780166625976	0.1435448700003689
0.7398142097363336	-37.54822732058076	4.764160213235264	0	3	0.1598970890045166	0.1126720319998639
1.0395213380862407	-4.354081554667557	15.33553578307951	1	3	0.212763786315918	0.1893014540000877
1.585711615102154	10.158295756620465	9.015741706555062	1	3	0.2101449966430664	0.1722975410002618
0.2957710566009935	-13.873079303929122	-2.0339989890893992	1	3	0.2015609741210937	0.1670692650000091
1.4567431665601664	-43.59302732401579	0.6987574104046859	0	3	0.19364595413208	0.1566233040002771
1.2381639552805717	-54.26950340026769	-6.42088684473456	1	3	0.2152111530303955	0.1831504060000952
1.4196463483532047	-40.21864307031279	-21.55596044779736	0	3	0.1681420803070068	0.1279845690000911
1.201036453305464	-17.448227934992552	1.850316103751156	0	3	0.1898441314697265	0.155062294000345
0.8471429412854172	-24.32521820030487	-6.5202612499322905	0	3	0.2210278511047363	0.1740899670003273
1.6137830182481692	3.214056566105659	4.42075117611998	1	3	0.1878390312194824	0.1530645200000435
0.8668182729186724	-14.332823039147256	-6.683669720568038	1	3	0.1770248413085937	0.1465218499997718
0.7359089018226797	-24.90589777037134	-2.3499996865752886	0	3	0.1999249458312988	0.1556703569999626
1.2637145404004864	-25.218065048711527	8.23096887654346	1	3	0.1865417957305908	0.1410993859999507
0.5896812000379139	-23.760046511761626	-6.011837085046822	0	3	0.1828010082244873	0.1434956500002044
1.5268688502498131	-4.716125282066169	8.0652615389543	1	3	0.1649129390716552	0.1311862519996793
1.3285601400857918	-19.796559432136657	4.8070401002062395	0	3	0.2014451026916504	0.1530186850000063
1.185618521759403	-12.849321913636542	2.173441866892948	0	3	0.1715860366821289	0.13158129500016
1.8688318655567615	1.0790263266682873	17.797762751257572	1	3	0.1822619438171386	0.14017203100002
0.7339305040131225	13.752415154159864	0.9721184345661635	0	3	0.180600881576538	0.1386712000003171
1.334149164827761	35.74197747516827	2.920710494418326	1	3	0.1986699104309082	0.1674572950000765
1.1658447033910202	43.19364202424004	18.64828200639004	1	3	0.1794488430023193	0.1590956790000746
0.8203348903400585	-40.288772899888656	-4.824970710913419	1	3	0.2088339328765869	0.1755476959997395
0.3190725006869385	-21.438833180608306	-7.911249627440328	0	3	0.2049481868743896	0.1561778899999808
0.5615680055390877	6.833374643563259	1.7837317455958699	0	3	0.1738371849060058	0.1281823869999243
0.5599506816380377	32.301022960928606	10.721277862766257	1	3	0.1693089008331298	0.1352835200000299
0.6687446845527717	16.20641558498581	12.093047830613703	0	3	0.1698260307312011	0.1354980640003305
0.531938761197631	66.19172815728182	1.3224459496828942	0	3	0.1799769401550293	0.1442257280000376
1.0758777303327178	-19.62138026418169	10.0675811577626	0	3	0.1840319633483886	0.1545565780002107
1.0521028507543075	-29.41842340735895	14.621148034298212	0	3	0.183506965637207	0.1506459790002736
1.053407425468169	46.655051806456804	34.25686487700755	1	3	0.1935899257659912	0.1694113770004151
1.4728195423140833	53.744335277848144	26.53507950882433	1	3	0.1725730895996093	0.1401668430003155
1.1430674339078	31.110287192641454	25.294043534891642	1	3	0.1917769908905029	0.1571897720000379
2.221855530126179	36.37036728880082	36.05025648527471	1	3	0.1779491901397705	0.1341616189997694
0.7022152466860855	-23.878737765910284	28.720358903301246	0	3	0.1701560020446777	0.1433704349997242
0.9634078065801952	21.706531189009457	43.711641470453856	1	3	0.1860990524291992	0.156420449000052
1.3248952266351823	8.728116789084684	31.985856716295537	1	3	0.1680159568786621	0.13413143400021
0.963751350307759	4.6326830797463785	25.112083649262907	1	3	0.1811578273773193	0.1530308300002616
0.8034229639792649	-16.202637905089905	33.039755043097415	0	3	0.1718161106109619	0.1380224849999649
0.4388828383659597	-18.872767249656558	18.832176497530476	0	3	0.1702580451965332	0.1396212740000919
0.8601819327272872	11.219913181506373	7.3688811360135835	1	3	0.1932759284973144	0.1614970239998001
0.46550963266774403	-18.16503680212793	12.604630679529091	0	3	0.1889212131500244	0.1532230039997557
0.7222706315385231	-26.268879876691432	8.494895530090073	0	3	0.1883931159973144	0.158801940000103
0.3276056415031392	-17.72231099643434	0.509884745810063	0	3	0.1691129207611084	0.1312256890000753
0.569578779506441	-1.5521129968296603	-1.0758471769534728	0	3	0.1958980560302734	0.1564858419997108
0.14078010128080798	25.574716888185076	13.727453337737401	1	3	0.2026569843292236	0.1723666769998999
1.4813157699137989	-12.455424600870993	7.535837107529317	1	3	0.199023962020874	0.1691269549996832
0.24765906290150036	6.5767900107130455	13.303018645554303	0	3	0.1804010868072509	0.1486839490003149
0.5999352106028757	22.386316503194177	14.069017379241952	0	3	0.2110860347747802	0.1784347180000622
0.9807024691119309	37.590291442814305	18.81166643645942	0	3	0.1718690395355224	0.1364137069999742
0.5432911887606569	22.83705544741376	11.188246051562555	0	3	0.1859049797058105	0.154382951000116
0.012309289724977246	4.279774053242017	-2.547396378274523	0	3	0.1848058700561523	0.1546337390000189
-0.05816818957573611	10.759434053711546	5.524003567169354	1	3	0.1694059371948242	0.1392387719997714
0.6435833520807581	6.759956491534517	-20.71406086498415	0	3	0.2266771793365478	0.1837084669996329
1.7169366139700968	88.9742432847797	16.296184243326966	1	3	0.1934349536895752	0.1722887439996157
0.7600834901878533	50.255888123950555	22.58981959726988	1	3	0.1826100349426269	0.1525247839999792
0.33909590159657477	43.57706287736487	26.68553770903031	0	3	0.1807160377502441	0.1503292969996437
1.5344501107393997	48.85725777897338	39.71040442836364	1	3	0.1902980804443359	0.1636522240000886
0.3788416646585162	11.077398380706539	-3.9867149085987768	1	3	0.1722958087921142	0.1411493989999144
0.08592781519668652	16.23309189688153	6.7132293364967675	0	3	0.1756279468536377	0.1452460800001063
-0.392389918307673	25.370390307421538	8.153217456445613	1	3	0.1753640174865723	0.1466846280000027
0.4327154739749228	30.269114493490243	19.963328011520176	1	3	0.1915061473846435	0.1635906229998909
0.4053619203636215	21.64377833749744	11.159804242148859	1	3	0.1713988780975341	0.1444443780001165
0.39947181146634725	6.862026035325785	7.428140498389571	1	3	0.1915888786315918	0.1593819099998654
0.7962298062035407	14.317364460642134	5.120090403738969	0	3	0.1782231330871582	0.1432074879999163
0.8376777128209317	5.757268232035097	-1.7119524967635131	0	3	0.1643991470336914	0.1367255459999796
1.4010871474850757	30.51686110649906	10.726746630478747	1	3	0.1910738945007324	0.1625126200001432
0.9387267620933406	46.06657843391181	-0.3242341688471475	1	3	0.1748569011688232	0.1433507980000286
1.1859232432169162	24.181726027260925	6.04693584780397	0	3	0.1691558361053466	0.1380483619996084
1.1699390341986318	36.148229794587984	3.5741183837265225	1	3	0.1821379661560058	0.1534046090000629
1.87238116465688	24.54076282163948	7.281620354604954	0	3	0.1745758056640625	0.1386929589998544
1.463125221291983	50.00762579454014	5.38996388641622	1	3	0.1843478679656982	0.1603195070001675
2.1660139331765604	40.662943126706104	18.309206295498	1	3	0.1824960708618164	0.1617125369998575
0.8745011249521233	2.2406720213684754	-10.395401423783174	0	3	0.1812939643859863	0.1465771819998735
1.9143948018320436	-1.9448022924616377	11.281855648638448	1	3	0.1786489486694336	0.1495149219999803
1.3253338891022861	-11.58347099133245	12.984911001110316	1	3	0.1846530437469482	0.15649430700023
1.4914030641625926	-19.00374994860956	9.264083582647089	0	3	0.1782951354980468	0.1494145960000423
1.0141996574268588	-4.112309783130861	8.487278342972708	1	3	0.1756081581115723	0.1464634459998706
1.17226760560978	-19.318466515637184	9.33704787753464	0	3	0.1900391578674316	0.161710204999963
1.0326734521608143	-29.021651586797613	14.054547293906861	0	3	0.1835839748382568	0.1544102389998443
0.6182973352417135	-4.100588286483328	-9.438867831698364	0	3	0.1979079246520996	0.1670982870000443
1.126130767422528	-6.249875729736946	6.335811848945669	0	3	0.1697320938110351	0.1404116230000909
0.5900121272463432	-14.189601340040943	4.454036909772349	0	3	0.1848161220550537	0.1580523050001829
0.42346069044852863	3.923016519647055	16.331234072531107	0	3	0.195098876953125	0.1594765190002363
0.5788630810282944	33.648283834318086	25.101556822417656	0	3	0.1845438480377197	0.1471201869999276
-0.07076978205729745	16.09799856202901	24.427817826424345	1	3	0.1824970245361328	0.152484706999985
0.44045488011891354	4.471800071610751	11.626347813018985	0	3	0.183027982711792	0.1512521889999334
1.398027172546485	-26.82257073990811	-24.747163764733596	0	4	0.1181418895721435	0.0833203060001324
-0.22255065440724253	-20.217041146480422	-12.755814503143617	0	4	0.1538779735565185	0.1192810840002494
0.6238765214111348	-6.5144300171337735	-20.535232862600374	0	4	0.1168320178985595	0.0829509289997076
1.62938361729889	-12.003630423290279	-26.854934233504974	0	4	0.165985107421875	0.1433041699997375
0.3387166194624609	-9.322930210974455	-21.547231519622994	1	4	0.2148768901824951	0.1858444580002469
1.344614682236363	6.610922864646076	-17.653824161881005	0	4	0.1485481262207031	0.1151642059999176
0.9753481051538515	2.9837481399210866	-20.081974607333443	1	4	0.2144219875335693	0.1910044839996771
0.8392938121777872	9.07648418306183	-19.222439401412327	0	4	0.1742191314697265	0.1420174650002081
0.9553584604801104	17.805657358779456	6.902681258115148	1	4	0.206028938293457	0.1753395000000637
0.2720219196955127	3.0661293371024607	-8.633237997390035	0	4	0.1613059043884277	0.1280039129997021
0.20730994924488028	11.984662974151306	2.4227160277229305	1	4	0.1955499649047852	0.1719958149997182
-0.4792136426789224	15.283423779125894	-0.6390563394843962	0	4	0.1666340827941894	0.1350821910000377
-0.3214803891656348	1.1787794302132042	5.9104967321069	0	4	0.1995840072631836	0.1693021689998204
-0.32842321941694286	5.150736049458217	11.208929321576074	0	4	0.1609869003295898	0.1261509390001265
-0.9587314498837917	9.32132755774024	13.046212315712157	0	4	0.2247910499572754	0.1974926259999847
-0.047978835132859055	1.5643004499659	15.862972990316928	0	4	0.1998171806335449	0.1675483660001191
-0.22114296016817303	2.8257389682257124	14.207784707360938	1	4	0.1991090774536132	0.1715296060001492
-0.3392202411174555	4.7858303485229206	5.656817576006775	0	4	0.2019100189208984	0.1705913219998365
-0.5869496155229926	4.384669202624	2.611882100816679	0	4	0.2132618427276611	0.1845508569999765
0.08747631188496052	2.17046355770171	0.46104323715060347	1	4	0.2246429920196533	0.2038095089997114
-0.05443691668788542	-27.147129495415044	-7.06618250384051	0	4	0.1823129653930664	0.1529759290001493
0.9698504242071379	22.217502139511215	19.9679052684831	0	4	0.2074031829833984	0.1782951539998976
0.7648307012958457	22.61981324080337	13.469229125549766	1	4	0.2191898822784424	0.1945313270002771
0.009752305361997116	20.819294163096266	1.2703083856031727	0	4	0.2162609100341797	0.1814564310002424
0.20799096930451266	-4.5456218706985725	3.210574932812524	1	4	0.2097110748291016	0.1834347899998647
0.4620524014118036	12.803223973775186	6.618844252830884	1	4	0.2106881141662597	0.1932541989999663
-0.47405015447081067	-35.08771820062346	-15.597534463259286	0	4	0.194425106048584	0.1603890999999748
0.49325734558937223	14.909556791352301	3.9605377621381566	1	4	0.1892399787902832	0.1637506689999099
0.3973304747898867	-25.961026904435382	-8.789039956336378	0	4	0.1902031898498535	0.1637560340000163
0.14458486937452525	-14.011374174555307	-19.222942385026354	0	4	0.203787088394165	0.1813620359998822
-0.5787964397724131	-42.766315574073694	-20.95137977536178	0	4	0.2047879695892334	0.1749999680000655
0.789332808139293	-40.771809895798214	-5.3663827239901725	1	4	0.2055318355560302	0.1756252289997064
1.1238976961882594	-22.364467078194878	5.673311666934312	0	4	0.2052128314971924	0.1753916500001651
0.2944937494022781	-19.34336408535492	5.491649455045501	1	4	0.2107250690460205	0.1852411629997732
0.5243133393783378	-18.746435868128017	15.230355830401784	1	4	0.2180519104003906	0.1974928320000799
0.03611208737531946	-28.5838522834548	-0.22035708690395106	0	4	0.1888129711151123	0.1587393349996091
0.14077692611209985	-20.879215902316396	5.377609655383418	0	4	0.1933941841125488	0.1720048310003221
0.6515821459475053	-18.066939830677498	-2.0727861800990914	0	4	0.2190430164337158	0.1937674929999957
-0.15859105050124678	-0.553948117571669	4.682977653846455	1	4	0.1941900253295898	0.16521403500019
0.42522833096626966	8.271121365653375	-17.437424334293162	1	4	0.1991839408874512	0.1680714710000757
0.4801388925722387	-2.207340740680686	-8.85278039614745	0	4	0.204801082611084	0.1778719320000164
0.061071000666828024	22.217489308891782	-8.444385845755232	1	4	0.1903591156005859	0.1686036060000333
-0.07169596214886942	-1.722896924605461	-7.529604413066128	0	4	0.190842866897583	0.161392154999703
0.12260821214509088	8.648394356465168	-5.222292075600704	1	4	0.1929049491882324	0.168053105999661
0.3160358310473518	1.784069086970276	-13.537606498017823	1	4	0.2071387767791748	0.1794733010001437
-0.9645164210573715	-5.088775825393413	-11.875823006734585	0	4	0.1805830001831054	0.1495687260003251
0.20561416041467429	22.28035303014423	4.766338571895552	0	4	0.2036550045013428	0.1720988450001641
-0.18962077706323266	25.94989590569857	-14.199177918128708	0	4	0.1974899768829345	0.170966048000082
-0.5454166659057146	-23.412428325577153	-21.6629983035344	0	4	0.1898050308227539	0.158115073999852
0.347769292170839	7.779401246205942	-0.5526284859477744	1	4	0.19392991065979	0.1743448799998077
0.06840136441400646	-2.3653312405940135	12.976151752218119	1	4	0.1985881328582764	0.1727736329999061
-0.40960530223693015	-14.705156570207095	-22.273057764753936	0	4	0.1946580410003662	0.1643932370002403
0.15723820412520306	-4.801893232287884	-0.39181058780287925	1	4	0.2014858722686767	0.1709734680002839
0.3302717071463765	5.861315359077569	-10.914373276788357	1	4	0.1971302032470703	0.1721743680000145
0.672788214401045	9.104694722123078	-3.8373355997782066	1	4	0.195253849029541	0.1665772740002467
0.6160130658914271	-11.23109010568582	-13.77948948344173	1	4	0.2047929763793945	0.177127054000266
-0.1338605436093886	-0.3310977988284036	-15.217207682323817	0	4	0.1978859901428223	0.1725184449996959
0.029937781970125532	-5.4216964022048195	-8.469578674720356	1	4	0.1952290534973144	0.168793609000204
0.7013805433160599	-3.640268792464675	-13.217828958759792	0	4	0.2048931121826172	0.182162879000316
0.36491396888493044	-0.9474645625508611	-9.94011927270772	1	4	0.1849310398101806	0.1483702969999285
0.6429415137589001	16.60049054528789	2.972576672433836	0	4	0.1885528564453125	0.1571137790001557
1.087762043728239	11.511987899047192	-8.067640454879678	0	4	0.2081420421600341	0.1736394270001255
1.3889391778500146	24.331364425646857	7.994758399350967	1	4	0.1790270805358886	0.1601579089997358
0.6138045157454968	-38.81244704113835	-12.507542499610583	0	4	0.1950240135192871	0.1651482450001822
0.9648705042682892	12.704016233303356	-6.528015632941441	0	4	0.228827953338623	0.1869854729998223
0.8945857055107937	18.62296041147894	-2.805322205000382	1	4	0.2029769420623779	0.1742175130002579
1.0324236179412243	-4.411003558308765	-10.744517672660198	1	4	0.1876440048217773	0.1626835249999203
-0.592498818970867	-6.7826133454746556	-9.901198950466593	0	4	0.1899549961090088	0.157127223000316
0.19693751323917635	3.237139785662806	-4.855031502517246	1	4	0.2087359428405761	0.1782608960002107
-0.10652242328370676	-12.588520613489717	-21.037502055445973	0	4	0.2035360336303711	0.1710294459999204
0.40469594360036193	-18.847724881223225	-19.741929280165408	1	4	0.1957459449768066	0.1687553500005378
4.181905658839913e-05	-20.56401506626011	-24.91754235756159	0	4	0.1944921016693115	0.1660884009997971
0.24948726855460066	-11.350923413474032	-23.091866785136244	0	4	0.207190990447998	0.1663011459995687
0.6451875000266203	6.569154540707666	-2.1577637500383333	1	4	0.2111051082611084	0.1845232420000684
0.7618333112209332	30.914903058406175	-11.116672058181132	1	4	0.1992969512939453	0.1695343390001653
-0.5059259578847033	-30.364464389821528	-13.889016095128365	1	4	0.2043869495391845	0.1733486230004928
-0.1498463005116062	-26.15521437302182	-23.814420420430594	0	4	0.2099831104278564	0.1761534710003616
0.3740495943882252	-9.01235744541546	-0.9561354018562791	1	4	0.1832191944122314	0.15049763099978
-0.8043629845909853	-1.663841937009063	-7.938932080362168	1	4	0.190868854522705	0.1630703559994799
-0.590658882377549	-56.355302334918626	-30.20785394085561	0	4	0.1948511600494384	0.1635937040000499
0.49642335479530153	-49.59492092294445	-6.827756709304177	0	4	0.2103068828582764	0.167339216000073
1.0602828347159363	14.731127911516268	6.888327332704163	0	4	0.1945819854736328	0.1594989720006197
0.8493716082553169	-11.601002645699914	-4.525035345128183	1	4	0.1974248886108398	0.1700275210005202
1.350471267826082	-3.2324731230584147	0.238472271195723	1	4	0.1925759315490723	0.1671842879995893
1.5954032702211527	-24.479141727396087	1.1246129325618428	0	4	0.1842250823974609	0.1523881309994976
0.8536263042345038	19.486567695735594	1.3277724870376104	1	4	0.2102789878845214	0.192163568000069
1.5240187344318157	-29.67696177204069	-1.3466750426913543	0	4	0.1930780410766601	0.1645034859993757
1.3043978801167104	-52.363733955700866	-10.282836153118891	0	4	0.1968328952789306	0.1663192750002053
0.528351411656805	1.4604316732233267	17.072629107936034	1	4	0.2014291286468505	0.1740444200004276
0.2166660744913338	-25.31566812923628	-15.12233295817104	0	4	0.19228196144104	0.1611277109996081
-0.06268450836442818	-13.098528968969312	18.220987637266173	1	4	0.2019309997558593	0.1744709200002034
0.256804716134934	24.8914715342172	8.652532684619025	0	5	0.1243062019348144	0.0831703130006644
0.30575051091942274	5.002602047149052	0.7391590546521349	1	5	0.213390827178955	0.1793497680000655
0.26678303535908104	-20.62633836932242	-7.055105974316775	1	5	0.1910991668701172	0.1509692669997093
0.04103122259934522	-39.88533410669653	-22.60365665380216	0	5	0.1038398742675781	0.0617156610005622
0.27487979198588236	-60.356182774582145	-13.465947016000285	0	5	0.1473910808563232	0.1043361859992728
-0.05611374275141534	-16.80947786023709	-8.222621582655947	1	5	0.2016050815582275	0.1680376650001562
0.046865846168527514	-68.05031733962096	-16.558743122705632	0	5	0.1801769733428955	0.1393875189996833
-0.6725911577705695	-35.8073360737685	-22.19501703707244	0	5	0.1530220508575439	0.1101592889999665
0.11647231893081639	-17.876759384047347	-5.2112851521179735	1	5	0.175800085067749	0.1335398659994098
-0.47789581001022596	-22.279389516085974	-16.547365835528304	0	5	0.1257381439208984	0.0901112020001164
-0.06475841760952905	-14.405152036260276	-5.9651483449189895	0	5	0.1694700717926025	0.1255687530001523
-0.22096415915530787	21.305213546511773	-6.386535025464201	1	5	0.2059512138366699	0.1803974960002961
-0.432711852493865	26.09842463934518	-12.936366798546157	0	5	0.1599318981170654	0.1161217769995346
-0.26737498793107306	42.02522037910612	2.464480082612399	1	5	0.1839919090270996	0.1416633050002929
0.16361276953310588	46.61005384707739	-8.419775754876511	1	5	0.1608109474182129	0.1291940259998227
0.20368349279913076	63.80253436506661	0.05870065213456499	1	5	0.1988539695739746	0.168850630999259
-0.29966955522895156	20.599415216180603	-24.43512446782102	0	5	0.1289129257202148	0.0923050829997009
-0.11344752139706438	28.2743607695999	-7.858281700632104	0	5	0.1462340354919433	0.1126930919999722
-0.08161154979318497	30.227975692669848	-11.677936428945564	0	5	0.1727328300476074	0.1367203609997886
0.13009797261294848	41.939332710962894	-5.178627437744852	1	5	0.1867878437042236	0.1533800699999119
0.5273464348127646	62.06790408947635	-4.078055054224181	0	5	0.145172119140625	0.1018193069994595
-0.2775715651937668	42.12626785708967	-15.821277564169456	0	5	0.1590230464935302	0.1211860450002859
0.5863500532324695	23.098322343465842	-5.739243015585646	0	5	0.1473090648651123	0.1183288570000513
0.19933969356014553	14.196489161742823	6.050267554722915	1	5	0.1857779026031494	0.1540246119993753
1.2790340577102768	29.90431355977751	5.770915805316166	1	5	0.1659600734710693	0.1310236480003368
0.24861228342319056	19.391642945418813	-8.072457704228903	0	5	0.1560471057891845	0.1229740020007739
0.3401345509295519	12.63150548868525	3.976456487313755	0	5	0.16618013381958	0.1260608659995341
0.514195856098302	36.95692175038495	3.654911759358256	1	5	0.165597915649414	0.1280903060005584
0.019937672969857156	21.56945393231192	16.553662298025937	1	5	0.1714739799499511	0.1396422420002636
0.5115381941664545	37.597757505408815	15.61439392188348	1	5	0.1857321262359619	0.1645697300000392
-0.2604271109108304	18.383605853466857	11.21162955128413	0	5	0.1669130325317382	0.1272145819993966
-0.3452059364870167	8.208731918970605	11.96577105113045	1	5	0.161107063293457	0.1182982020000054
-0.3627792594752177	7.645173074787522	5.610402633316916	0	5	0.1644589900970459	0.1288542700003745
-0.1890734834294876	44.77170380148143	26.75411683001913	1	5	0.18833589553833	0.1590094990006036
-0.4256992533920908	-11.024011982737722	4.0791774307304385	0	5	0.1555778980255127	0.1213183939998998
-0.4661757527146787	26.22378512098022	11.51709324551075	0	5	0.1640911102294922	0.1337187959998118
-0.4280953654090528	42.92148375997211	10.625612370806625	0	5	0.1460468769073486	0.1144673479993798
-0.05543627843330806	53.4078909700341	13.709298976228215	0	5	0.1611750125885009	0.1270338049998827
0.3413205011338831	36.62700175559653	23.20436958580535	1	5	0.1724219322204589	0.1397283839996816
0.4719828351850965	68.12616963986683	17.808476131038546	0	5	0.1805589199066162	0.1423445650007124
0.26642149435552065	19.751355292594102	-2.6357621259976822	1	5	0.1718599796295166	0.1423692340003981
0.5285213522950114	25.203482731548906	12.630644105184949	1	5	0.1935880184173584	0.1608744449995356
0.9219178752749201	40.375567600121734	0.9731302009944605	1	5	0.1715190410614013	0.1337581400002818
0.5601347075798222	14.275100373640196	0.43594933500204647	0	5	0.1502840518951416	0.1106505040006595
0.44563107445111166	11.526437512603469	3.9773776931807276	0	5	0.1604290008544922	0.1260197360006714
0.690069227312764	15.461627091114185	20.345073322029616	1	5	0.1810550689697265	0.1524167369998394
0.5858732109827015	36.71083637603887	21.85042721833351	1	5	0.175973892211914	0.1413483249998535
0.5558702194009754	35.00142356315436	24.097675639340792	1	5	0.166248083114624	0.1339111479992425
-0.01504582140627947	16.267858098737893	10.584453060967384	1	5	0.1755671501159668	0.1480595180000818
-0.11089635812237375	-7.705199923254327	5.142722931003883	0	5	0.1671240329742431	0.1385092889995576
0.3120199527708435	6.9298052129302565	15.331437765565202	0	5	0.1563918590545654	0.1239725630002794
-0.5445416948431118	13.394519819148963	-4.884885836359725	0	5	0.1460070610046386	0.1179452140004286
0.716148936375888	-12.388663812208607	1.043530342316365	1	5	0.1620018482208252	0.1308427010008017
0.05944044639049734	-7.701262954856833	2.690168285842472	0	5	0.1412930488586425	0.1110106000005544
0.07333391868274991	10.233466272525241	-15.182488203550289	0	5	0.1757781505584716	0.1460427290003281
-0.2998826133398934	45.19491361097908	-3.361632836597628	1	5	0.1801810264587402	0.1483550749999267
-0.4551280822796092	-24.286425408994287	-11.183706617388662	0	5	0.1712801456451416	0.1393224429994006
-0.1758348199089813	-2.666745680037113	-0.32568705745260207	0	5	0.1768310070037841	0.136662638999951
-0.24833536250996635	17.064899345006058	12.56318421164929	1	5	0.1620550155639648	0.1248650919997089
0.33712589776521756	-21.15005186300312	-13.300372105541772	0	5	0.1825740337371826	0.149637645000439
1.006862949930378	24.43698898389062	2.5655280741742286	1	5	0.1805691719055176	0.1437191069999244
1.3004397106982608	3.3708048782801963	1.681386672749519	1	5	0.1673450469970703	0.1332557529995028
1.301570070638859	16.856232485820453	6.940804093237069	1	5	0.1616790294647216	0.1308598690002327
0.8143242067937148	23.774397417698886	-4.163856243476118	1	5	0.1698839664459228	0.1368126289999054
0.916804158600556	10.860411709849018	8.887313202557356	1	5	0.1537508964538574	0.1143784369996865
0.5403306377738394	11.564390590799567	-8.991352517795669	1	5	0.1707329750061035	0.1378658470002847
0.7612251147392984	12.621531763299668	-3.5051763115221783	1	5	0.1769149303436279	0.1388309650001247
1.2375908108669385	8.632944560400242	1.993040497052593	1	5	0.1624288558959961	0.1423685130002923
0.277933000251609	13.547191403966895	-1.0711417770516762	0	5	0.1659531593322754	0.1308110299996769
0.31102585356381734	-13.001678877276714	-3.5657547335490554	0	5	0.1550548076629638	0.1214435510000839
0.7662136239296813	26.814024954671787	16.291729354607384	1	5	0.1722140312194824	0.1354544979994898
0.2153287391895096	-19.394685786856403	5.377262045175819	0	5	0.1459569931030273	0.1133542530005797
0.6171573360111539	2.5319038354609726	3.1206868618428736	0	5	0.1679630279541015	0.1284558959996502
0.4313988272091183	3.3393755463140846	15.17344672466088	0	5	0.1552159786224365	0.1190426130006017
0.5618678624457583	-22.616987979673272	-9.256272482272067	0	5	0.16087007522583	0.1342276710001897
0.18850665042110148	-5.959571820299379	-5.395642653368907	1	5	0.1685171127319336	0.1366834899999958
0.1995844273859365	-26.039922413064485	7.38291735459483	0	5	0.1720261573791504	0.1425508980000813
0.28811106920303825	4.481519113114455	5.9808791184904955	1	5	0.1707301139831543	0.1365055750002284
0.3095859456849198	34.659101896235015	8.873050763530225	1	5	0.167691946029663	0.1342452959997899
0.2070617082391601	8.379980187089895	15.616987414258396	0	5	0.1725218296051025	0.1437789470001007
0.1717666129321509	0.5427078848275007	16.223508027736678	1	5	0.1797277927398681	0.1412493540001378
0.5710448826937172	14.051800490220323	14.588211012972852	0	5	0.1749310493469238	0.1413278780000837
0.15970950441596932	20.654725881976127	16.904452876393574	0	5	0.1909639835357666	0.1436069639994457
0.42190279620324267	22.036833502690552	15.351363140257725	0	5	0.1654450893402099	0.1226061509996725
0.10660783058447698	25.14617069095181	3.6065862652395464	0	5	0.1579580307006836	0.1261118920001536
0.146411783185465	35.83517044151721	15.511826956130388	0	5	0.1571240425109863	0.1251365260004604
0.3711134838126408	2.2025004626267095	9.361837547557695	0	5	0.1763169765472412	0.1412603879998641
0.47520037040699975	32.05154928518298	11.322115262461146	1	5	0.1856999397277832	0.1403858060002676
0.6484496156619821	28.691895987739674	19.183573907642117	1	5	0.1631250381469726	0.1277734970008168
0.7208578416950054	29.65412893395462	18.118509341253862	1	5	0.1729648113250732	0.1388591459999588
0.8354159488690951	52.38864232202368	13.95400669059336	1	5	0.1764571666717529	0.1458421830002407
0.3685380431317138	36.540479099459176	20.338816044702124	1	5	0.1710870265960693	0.1388530820004234
1.3772324805873981	21.095974106100766	14.950126075061458	1	5	0.1710150241851806	0.1353555140003663
-0.32555891652532076	37.07795931335006	3.684169880039665	1	5	0.1706089973449707	0.1413127080004415
0.7156547230966804	42.01442080712038	19.10608991655703	1	5	0.1661708354949951	0.1318839269997624
0.6637914231291094	64.89452335452575	16.320492062687205	1	5	0.1561911106109619	0.121472765999897
0.33527690487854545	59.59529925649356	5.790368703600543	1	5	0.1767699718475341	0.128396461000193
0.2359734137864708	13.886896122797257	8.122458224829433	0	5	0.1423790454864502	0.1144647209994218
0.7958584943285408	29.16782101965782	-2.610190971925448	0	5	0.1596298217773437	0.1264139260001684
0.14154071674459667	-25.362020995508235	22.97091697434966	1	5	0.1695871353149414	0.1332870480000565
0.9911109406022224	-0.007778002572585319	32.21329867059423	1	5	0.1730079650878906	0.1378348180005559
0.4212983107656503	-14.416305616929147	28.01482850396017	1	5	0.1585469245910644	0.1260482070001671
0.5841635688139211	-4.327518579944616	15.221678098566699	0	5	0.1619210243225097	0.1342050040002504
0.22741806392257163	7.680470063214013	20.459982892010675	1	5	0.169996976852417	0.1365423499992175
0.35836063201924795	6.367155932905488	19.284465706858608	1	5	0.1601600646972656	0.1273887630004537
-0.33115386960294313	3.8686625641214687	16.66439430602462	0	5	0.1608710289001464	0.1249206030006462
0.2880030437906091	1.3017088126117309	19.300546558476956	1	5	0.172494888305664	0.1320549409992963
-0.10972338819120975	6.809616969410753	16.188208288333577	0	5	0.1706910133361816	0.1354668610001681
-0.09500113473754757	-11.510070432915342	18.961345704642124	0	5	0.1670229434967041	0.129661348000809
0.40213798248774446	26.461356147724654	-21.466799055378765	0	6	0.1083621978759765	0.0773924980003357
0.5538936337603362	45.31841367796736	-5.279085263898867	0	6	0.1411499977111816	0.1020294839991038
1.3578801140478212	52.3614199046642	12.605966859210975	0	6	0.1534130573272705	0.1070798600003399
0.8150377616489946	53.83707078230381	15.966820627399377	1	6	0.184783935546875	0.1509385499994096
0.3086588649248365	48.76083416240826	0.6064204213631368	0	6	0.1120729446411132	0.0783558479997736
0.9418908912685455	53.089171236672314	14.861149206070463	1	6	0.2152609825134277	0.1827287690002776
0.9047404513466777	42.42127259456548	17.029030810527807	1	6	0.2064311504364013	0.1730198859995653
0.7158349023499628	33.860831938443184	12.879307270501318	1	6	0.1741349697113037	0.1358087239996166
0.08321029736203911	6.729487957409695	-15.100413922484213	0	6	0.1030130386352539	0.0599183679996713
-0.023958792115934435	-3.903293211455226	-5.0613475043805645	0	6	0.1526510715484619	0.1091014889998405
0.1842028402850775	13.669734807560816	-13.476282252726898	0	6	0.141348123550415	0.1079401859997233
0.45218210886036414	-1.134761584952503	-1.9277697643275609	1	6	0.1864368915557861	0.1538716839995686
0.5520844675716322	17.919509847011714	-1.539948160907315	0	6	0.131070852279663	0.0993199290005577
-0.0760524636029497	-44.27936416927835	-13.640927985125648	0	6	0.1202199459075927	0.0853331059997799
1.1177667507964473	14.129810825907894	1.0017193298467166	1	6	0.1999812126159668	0.1709703259994057
0.6211232391679717	-18.151721107267274	-2.5116497877721935	1	6	0.1813900470733642	0.1421298130007926
0.7332804625767717	-27.213760041595425	-6.448560843141964	1	6	0.1586768627166748	0.1219482880005671
-0.25061892792316953	-28.91645036471716	-21.35882261254085	0	6	0.1210441589355468	0.0883820729995932
0.4075023620289332	21.161312508101297	-3.7384168999941645	0	6	0.1363189220428466	0.0902112579997265
0.20088305071585918	37.64948417542269	8.255927136236744	0	6	0.1424999237060547	0.1019183529997462
0.07685115568948087	-44.85403650152254	-12.21514929861481	0	6	0.1728708744049072	0.1290716969997447
1.1328984894837713	24.683186832742184	2.808935698930511	1	6	0.1659739017486572	0.1372005050006919
0.7014232042095868	6.4758007254275896	1.7280076281992462	0	6	0.1528019905090332	0.1152034540000386
0.9494611152359272	3.144485395707411	11.78530458690412	0	6	0.150979995727539	0.1138115250005284
0.9607695966749187	33.36512967663804	14.507876155445752	1	6	0.1874020099639892	0.1511591179996685
0.7628576097887929	-7.879222731877341	8.406636583741737	1	6	0.1611928939819336	0.1300812019999284
0.8572849938455145	1.4570395700928906	-0.40617129237010063	0	6	0.1755259037017822	0.145965310000065
0.4036495488808777	13.325980643791752	27.21191232071827	1	6	0.1554000377655029	0.1199188759992466
0.5948042651012712	42.12637390838512	16.160110419379585	1	6	0.1691319942474365	0.1352655009995942
-0.08259839697647764	23.070863455210574	11.612647864250095	0	6	0.1314649581909179	0.0990918299994518
0.32704785512992923	-7.59641252536832	4.940876322016312	0	6	0.1627039909362793	0.1298066690005725
0.4727005484200812	-11.643789818887315	3.6351139570375643	0	6	0.1543440818786621	0.1117747709995455
0.48397328023531094	16.21969938351054	-3.588690300004477	1	6	0.1712758541107177	0.1419998709998253
0.37813709803539236	-30.330097659783856	-14.786646217462005	0	6	0.1510231494903564	0.1199171299995214
0.011632085085081567	-3.3976010704551256	-5.078193632760891	1	6	0.1566078662872314	0.1278754690001733
1.0742027428846508	-10.280364551836987	-9.682705412055588	1	6	0.1618881225585937	0.1270621170006052
0.5024683089872974	0.19959810007051582	-8.62284759252945	1	6	0.1552751064300537	0.1220712900003491
0.3954580518170924	-10.943871894779123	-10.33650454799722	1	6	0.172368049621582	0.1391546430004382
-0.23893110959747332	-6.50170082877929	-6.4160952559309905	0	6	0.1550369262695312	0.1211370519995398
0.6826235266982396	14.596928660472004	6.058097230135826	1	6	0.1427710056304931	0.1091311310001401
0.5591431561897096	17.073318774091998	-15.664909441345229	1	6	0.1438219547271728	0.1140027750006993
1.4917630418737033	-5.305465644952669	-10.292667070180464	1	6	0.147493839263916	0.117152754000017
-0.2937566875192813	30.522772730677566	-22.462749375099442	0	6	0.1404290199279785	0.1069564120007271
1.098101777172904	68.62234563986415	-2.0581223401279125	1	6	0.1343028545379638	0.1041383589999895
0.5920090895372536	36.02462570659926	-4.796070787435658	0	6	0.1497259140014648	0.1160256490002211
0.05998214084076042	45.187219894039245	12.38875629818003	0	6	0.1590919494628906	0.1299825099995359
0.6729171617914838	62.75103776976061	4.002573905830946	1	6	0.1443228721618652	0.1169886679999763
1.1031177272395414	39.715611977466565	16.367537396299355	1	6	0.1541049480438232	0.1191213040001457
0.7342796739325048	52.72923923163508	19.29532247892412	1	6	0.1437201499938964	0.1078229059994555
0.9459040664535432	48.396639255183146	11.029891658924539	1	6	0.1648740768432617	0.1339171889994759
1.105901721534973	60.98506500980487	11.980916895832419	1	6	0.1643531322479248	0.1313226880001821
1.0015607510964162	41.23394238568953	6.948484722343068	1	6	0.1314821243286132	0.101069097000618
0.27667941541833607	5.668908691048202	-9.154582231750409	1	6	0.129004955291748	0.1005098060004456
0.18239052866117175	11.76914958950866	-6.422559653712623	1	6	0.13055419921875	0.0983903020005527
1.2944571044579836	12.076192158749587	-5.947374082262135	1	6	0.1279411315917968	0.0990755030006766
0.44325002158398674	30.270025950979342	-3.698727278580261	1	6	0.1214210987091064	0.0940104629999041
0.21348375679750722	8.376928331617446	-2.1093322914657087	0	6	0.1335349082946777	0.1020185309998851
0.5382043317371569	18.914746385400196	-7.063508869474081	1	6	0.1623492240905761	0.123753774000761
0.45101210824530774	8.8316874484266	-4.931720343111104	1	6	0.1511719226837158	0.1153025069997966
0.5987153548166096	-32.47131253114569	-16.94177275267441	0	6	0.1464121341705322	0.1128102630000285
0.07928176456847541	-20.629188890501048	-31.81711943302912	0	6	0.1284871101379394	0.0958941509998112
0.5814174368693377	-18.893631066628455	-8.846334859933298	1	6	0.1172959804534912	0.0859038349999536
0.3868415514142197	-29.59886077767907	-19.244961709332756	1	6	0.1572539806365966	0.124886081999648
0.4499275431121237	-21.503214673290955	-10.179424450220386	1	6	0.1237740516662597	0.0949653699999544
-0.2719208580362703	-4.01065240591938	-6.203270277718801	1	6	0.1404199600219726	0.1070663070004229
-0.7036176931675912	-16.693210321536135	-26.157639526425697	0	6	0.158592939376831	0.1161466080002355
0.19015272750785542	-47.164159799795854	-5.651704689076166	0	6	0.123737096786499	0.0901262369998221
0.43864776704217534	8.11199694901825	-9.307667152623145	1	6	0.1506388187408447	0.1208878540001023
0.12883849761178973	-33.22084511361328	-8.928044097310165	1	6	0.1441929340362548	0.1127008889998251
-0.07277903335755426	-18.24318407403256	-12.077756485714525	0	6	0.1332759857177734	0.1025727820006068
-0.25582122640803584	-19.46290514312265	-8.617717368343664	1	6	0.1560959815979004	0.1241660109999429
-0.36795403428994045	4.101402933947821	-9.944235717315324	1	6	0.1298320293426513	0.1017100170001867
-0.06323008663589247	-16.336645962186378	-12.754992887479412	0	6	0.1270818710327148	0.09959049400004
0.6989605173295084	8.49940237942617	-10.154886332337298	1	6	0.1394479274749755	0.1035096630002954
0.5657593164715262	-20.982057918180608	-16.797191440464765	0	6	0.1234540939331054	0.0932184220000635
1.0934864471752326	-22.354453840885352	-20.87101397378777	0	6	0.1470961570739746	0.110431222000443
0.5135526052690164	-13.54023193313602	-25.03751782862438	0	6	0.1418209075927734	0.1001930410002387
-0.35791205739419707	-16.14838959011642	-13.909430320627264	1	6	0.1574900150299072	0.1149742030002016
0.41310251102178613	-1.6428387731528296	-1.9908821469220737	1	6	0.1471040248870849	0.1094886990003942
0.5335646190560808	0.916887414601439	-22.406266616462354	0	6	0.1227509975433349	0.0902862799994181
0.18850139490883475	-11.351174546742584	3.128516324629759	0	6	0.1194009780883789	0.0872780800000327
0.053597986670982534	33.209928018550784	7.2557856058192005	1	6	0.1341300010681152	0.1031363410002086
0.7206991435193512	7.4274421652482605	14.815390870121487	1	6	0.1353471279144287	0.1028471139998146
-0.05732212791912916	37.111470317421904	6.000210269679943	0	6	0.1285810470581054	0.1010124479998921
0.27494945959739164	33.31787311612097	11.632971168688075	0	6	0.1358959674835205	0.106419198000367
-0.11850723046042388	8.31769800908931	-6.0793262621590145	0	6	0.1365139484405517	0.1063256409997848
0.10059205047315645	45.44842514662218	2.6621595544709686	1	6	0.1391530036926269	0.1079730269993888
0.8182341084213366	25.45569575814793	5.425211669851027	1	6	0.1355600357055664	0.0962825020005766
0.12466080892841569	32.25245963211043	3.340942207217398	1	6	0.1240041255950927	0.0922111600002608
-0.08350726039221418	20.94560574438289	17.065396143018056	1	6	0.1292159557342529	0.0976970339997933
0.34049463587893763	30.851127315546382	13.119872808333584	0	6	0.1226680278778076	0.0894132889998218
0.4544612602836494	34.49494331343628	2.315914049283874	0	6	0.1386909484863281	0.1063618930002121
0.0061562674582222865	2.006423449015602	0.5164765678251841	0	6	0.1229250431060791	0.0925884809994386
0.38901865704772126	-11.695988988135833	-1.4007206824373521	1	6	0.1422078609466552	0.1041009040000062
-0.04156191136116927	-43.382895796021714	-6.464383499645763	0	6	0.1300230026245117	0.0975805139996737
0.5970189607835864	5.9305186381252835	-4.03031812439767	1	6	0.1487739086151123	0.114393282000492
0.8134631832962602	-3.2070849908204875	-12.171161952704567	1	6	0.136909008026123	0.0994998749993101
1.470780517987805	3.177879222524822	-10.890222641389013	1	6	0.1301147937774658	0.0915309620004336
1.2947038727356746	9.50083644982885	-13.661078775399714	1	6	0.1448822021484375	0.1114423070002885
0.9394975742135793	7.74749503326948	-6.480404025047127	0	6	0.1244480609893798	0.0911262400004488
0.9713426432063281	11.737922940869705	-17.471892671442404	0	6	0.1387920379638672	0.1069692020000729
1.2852706115582149	41.45222777096717	-4.476171301245759	1	6	0.1402080059051513	0.1114775289997851
2.0062541180951836	33.63236613031061	5.584764992134844	1	6	0.1617140769958496	0.1297494660002485
0.9770311484452631	64.5592039799465	4.16187134324581	1	6	0.141226053237915	0.1115230750001501
0.9684430050267352	65.96328126157498	8.577141752135862	1	6	0.1293318271636963	0.0966151319998971
0.626622184712554	48.375948419234916	4.778105243779011	0	6	0.1110320091247558	0.0823320749996128
0.39983222332763413	72.90199341384066	13.216966970978165	1	6	0.1308491230010986	0.0994336750000002
0.07195257655806253	62.98339980738268	7.476032030989842	0	6	0.130728006362915	0.104628488000344
-0.07178305646365357	69.3432718419056	-0.32538988978237704	0	6	0.1329309940338134	0.0974741199997879
0.15278752102270177	31.993930713010567	2.4344090345172495	1	6	0.1357250213623047	0.1003617260003011
-0.13692563239473243	-26.31307404557486	-15.02384497438637	0	6	0.1386380195617675	0.1087604099993768
0.12267596456537061	40.00060970417611	4.331781142514126	1	6	0.1339781284332275	0.0983682520000002
0.15736239207742891	-4.115892323904992	-11.919843812874031	0	6	0.1148109436035156	0.0841037899999719
0.009662738484588151	-5.450559221688135	-3.4675257530282333	0	7	0.074949026107788	0.0368483780002861
0.9361603983952461	7.897383080605004	4.778926770345155	1	7	0.1820919513702392	0.1611591139999291
0.18211819433720589	23.896268523960927	6.598032247696931	1	7	0.1028010845184326	0.0541115739997621
0.6146389451081824	14.751968147029118	-2.171287574381395	1	7	0.0987179279327392	0.0561297690001083
0.32819313180702553	9.097606231711678	-11.887513026040802	1	7	0.0944719314575195	0.0520362859997476
0.015932476349813485	27.467855148197494	-9.981081895362529	0	7	0.0831849575042724	0.0409531440000137
1.1026413657909182	33.5804487057466	-13.631853633760226	0	7	0.0703489780426025	0.0279905059996963
-0.08746970843749868	14.568332862844247	-4.53022460778968	0	7	0.0812690258026123	0.0500590350002312
1.1261205289837237	40.41076450414395	11.347593477608605	1	7	0.1174571514129638	0.0850108360000376
0.42941411705103705	16.741188213066362	-7.754685324461347	0	7	0.053966999053955	0.0179188860001886
0.7076472657515083	10.413718675861595	1.3662380319101417	1	7	0.173717975616455	0.1422063480003998
1.3062486021887318	21.180323909835334	4.618488016855949	1	7	0.1305179595947265	0.0979995379993852
1.1482933749625768	-8.05088238801624	-5.174554394779049	1	7	0.0733089447021484	0.0399035440004809
1.6441905911495311	-17.67313498484446	-12.654484310265577	0	7	0.0649847984313964	0.0311607310004546
1.4686132674513404	6.57121963092199	-15.48986533634533	0	7	0.0612599849700927	0.0229898870002216
1.1791448448589104	-4.6986144756336365	-4.630192380425472	0	7	0.09517502784729	0.0581248180005786
2.1961126783707914	-16.859826163390046	-36.19472486996173	0	7	0.0707719326019287	0.0408275770005275
-0.6255060338695384	21.723516325053907	-2.0161659893736448	0	7	0.1237440109252929	0.0911968509999496
-0.8201975758091713	13.742268290844082	-2.0648476656493764	0	7	0.0838541984558105	0.0513093409999783
0.23129615773205958	-30.987545180228906	-6.26096752852825	1	7	0.0791578292846679	0.0499891209992711
0.19669316620771798	6.883517172706082	-2.6577140638250234	1	7	0.1227068901062011	0.0890091860001121
0.5943625649052511	-26.703840198231937	-3.3345128008365275	1	7	0.0706319808959961	0.0419999159994404
-0.2554198382358166	-3.453916839729642	-6.043793682810067	0	7	0.1034739017486572	0.0560245560000112
-0.8919723867916054	-46.991052350287504	-20.431877630003214	0	7	0.0801889896392822	0.0429214470004808
-0.982716077392332	12.239324322388065	-2.1433516611701555	0	7	0.0739839076995849	0.0377579149999292
-1.0705927653730243	12.0733767089358	-4.9286518816756235	0	7	0.105461835861206	0.0751499250000051
0.04155384861248046	-17.45811590645474	4.17724976797189	1	7	0.0813689231872558	0.0460780849998627
-0.010568321670732406	33.57799615657846	0.9340298895305321	1	7	0.0980398654937744	0.069143391999205
0.17055103891090345	9.964549199900707	-1.3956106399582384	1	7	0.0858538150787353	0.0551181060000089
0.4191714443710389	14.49957319806113	17.238200014285326	1	7	0.0821001529693603	0.0438912599993273
-0.17771395602387996	24.419129995894785	-9.784642671842388	1	7	0.072268009185791	0.0439918849997411
0.6245774469737052	0.4418277301216875	-5.641279902549465	0	7	0.1404178142547607	0.1049226919994907
-0.09923613302866663	33.622508440124136	0.9923071689726042	1	7	0.0831248760223388	0.051897026000006
0.25756181586878796	20.795349482702072	-6.016338035675588	0	7	0.0815279483795166	0.0511225699992792
0.6330172179011774	15.14737876436819	3.0862768141885235	1	7	0.0628769397735595	0.0309462590003022
-0.39029630191580766	23.00825475859161	3.6171253347409964	0	7	0.1098871231079101	0.0820763270003226
1.1982048101237526	-4.302767102818821	0.07821588184421246	1	7	0.0617520809173584	0.0312236819991085
0.965136192593921	-7.717400650882784	5.983017856488672	1	7	0.087702989578247	0.0570974249994833
1.212692938131331	-9.197676626395904	8.153860325287724	1	7	0.0732359886169433	0.0409283799999684
0.8667800849331461	43.104862701769775	8.25817604825765	0	7	0.0655269622802734	0.0319462209999983
0.39603930720613023	25.28796641385219	10.840837679432054	1	7	0.1265091896057129	0.0852310179998312
1.7383787914575384	57.20081035822702	10.269476218621024	1	7	0.0651037693023681	0.0371857270001783
0.5584469414301338	9.704841087016213	2.8971372336086882	0	7	0.0605089664459228	0.030229744999815
1.686948375019612	45.498715177350775	20.879985124676693	0	7	0.0797808170318603	0.0529942430002847
1.716323937145426	39.00323548288539	13.309814564805013	0	7	0.0594830513000488	0.0291478619992631
1.715297994875124	60.51564901370922	18.66399064272409	0	7	0.0643858909606933	0.0373306159999629
1.469156034724593	58.62179617627933	26.753380949369824	1	7	0.0883071422576904	0.0621624620007423
2.190215437478833	32.40713070965503	15.583150553243495	0	7	0.077869176864624	0.0479198499997437
1.935691839326271	43.40118958387795	17.783268850558315	0	7	0.0696611404418945	0.0409762299996145
1.7730508254683872	31.113224899642756	17.24739453526265	1	7	0.0673928260803222	0.0364124750003611
0.9461230561100192	20.62513231961864	27.58425140417671	1	7	0.0673260688781738	0.0389012089999596
1.1380145550325316	-2.5033835809841687	-3.8787855111654266	1	7	0.0705759525299072	0.0460189220002575
0.5261659177847853	3.8490049359620713	9.42420752549737	1	7	0.0751020908355712	0.0471732420000989
0.7344867876792458	24.956415409937037	16.97848090395415	1	7	0.0730230808258056	0.0457501880000563
-0.23308188441053512	15.904142629193618	6.030110267528283	0	7	0.0473029613494873	0.0222865249997994
-0.3149531428232828	7.3582617168839555	1.8615446340902904	0	7	0.0663130283355712	0.0411760389997652
0.07697345094006619	8.288634584839	23.627248075425687	0	7	0.0719830989837646	0.046280487000331
0.7851860560816588	35.96484815695621	10.604721990526803	0	7	0.0584099292755126	0.0253132689995254
0.37419401479906034	34.8020847912898	16.53797656221708	0	7	0.0635619163513183	0.0350074070001937
1.2777507885353474	63.55860067463243	26.31783751123746	1	7	0.0551609992980957	0.025326404000225
0.7988978176528841	61.14145453979903	31.160590683526316	1	7	0.1128499507904052	0.0759455269999307
1.081542051931882	73.49086061379553	23.251048560212677	1	7	0.0712819099426269	0.0401656900003217
0.9712016523909557	45.131504985311125	19.690897117600244	1	7	0.0689270496368408	0.0409557210005004
1.3190740065241955	40.7592400112223	30.841609304559483	1	7	0.0709061622619628	0.0389810349997787
1.4989905600030393	55.16653279964255	24.973912612813912	1	7	0.0602979660034179	0.0292989880008462
1.189899843762116	25.484113721386493	18.90874127578255	0	7	0.0752820968627929	0.0398462299999664
1.0762156226468491	42.574089121247226	14.189956775000567	0	7	0.0806479454040527	0.0452288029991905
0.7608198177138872	37.41444454852079	8.207733274955064	0	7	0.0692198276519775	0.0392080999999961
2.530010562272692	17.010735912457683	22.842873387099647	1	7	0.0978031158447265	0.0638287980000313
1.2442310181724163	27.076171269200117	16.398397003477257	0	7	0.0683019161224365	0.0370554940000147
0.7790246074910732	15.268182523905223	-6.586072859664995	0	7	0.0806198120117187	0.0451130960000227
0.6896635160843748	42.86551175802447	13.535975423594904	1	7	0.0761809349060058	0.0424250389996814
0.34549137683024334	-17.1284527514134	1.864372699242408	1	7	0.0661189556121826	0.0356331169996337
0.2472194210201298	-1.363635788504796	-2.9272566060395913	1	7	0.0838191509246826	0.0584824580000713
-0.183758108862623	9.041884198388113	3.487027278913741	1	7	0.0911941528320312	0.0572513739998612
-0.48100916209216704	-4.953298259104653	-8.448336061697377	0	7	0.0699849128723144	0.0309687509998184
-0.6140731897212861	30.034630369543407	-3.70452818337329	0	7	0.0745577812194824	0.0389180800002577
-0.13027297402597882	38.890358166826815	4.6884693412460265	1	7	0.0743458271026611	0.0435266090007644
-0.509909944889483	30.9967549600255	3.102752773952555	0	7	0.0566799640655517	0.0287646110000423
-0.5547258606236611	31.88665694959611	3.9535143248120033	1	7	0.0805070400238037	0.0471533599993563
-1.1459921050866435	35.51842773470241	3.0927096161609486	0	7	0.0704457759857177	0.0394284409994725
-0.6425258575615738	19.969444891098398	-1.8781276015328827	1	7	0.0694189071655273	0.0372045280000747
-0.7012702782910052	33.86803989421381	-5.436587648721808	0	7	0.0762269496917724	0.0494764079994638
-0.5750687117822545	22.179853607530273	-1.352229879673128	0	7	0.0667731761932373	0.0264180969998051
-0.45900660990559805	33.64573671924225	11.962336302206289	1	7	0.096513032913208	0.0610572309997223
-0.39546983506792266	20.119513686883913	-1.7413009862715834	1	7	0.0709991455078125	0.0363161649993344
0.5542216363185003	26.465579905744182	6.124278155608732	1	7	0.0807211399078369	0.0488284670000211
0.34689902760585317	9.812229656509283	-6.511955283947824	1	7	0.0680270195007324	0.0341543000004094
0.07938253552308683	32.08168058820034	15.697744282521784	0	7	0.0559859275817871	0.0271207219993812
0.43141586250337066	2.8437841792879226	-3.792186194376885	1	7	0.0872409343719482	0.0564198540005236
1.0172988389716584	-2.604491173303421	19.231533253333435	1	7	0.0736529827117919	0.0401173499994911
1.6173329858983656	27.37394838157669	17.480279738455373	1	7	0.0721328258514404	0.0388080130005619
2.3090612278985487	-12.887213311621945	11.211106464750314	1	7	0.0639960765838623	0.0355422800002998
2.6520604230805853	11.621862626286816	11.528700032323409	1	7	0.0756759643554687	0.0469702700002017
1.6682162556398747	-10.88517931582431	6.950555422164262	1	7	0.0765440464019775	0.0405863599999065
1.5884675648788738	-2.971987691749959	15.699648905302533	1	7	0.0635700225830078	0.0362001399998916
1.2224403904563066	15.686668571973081	0.42414218259617686	0	7	0.0578727722167968	0.0195429080004032
1.811754952832914	16.649225410723723	15.261128754200714	1	7	0.0652449131011962	0.0253845070001261
1.579289216126137	10.402268949403961	0.7840255674425096	0	7	0.065004825592041	0.0316079739995984
0.6135661534317092	24.07465415495905	5.064871887508604	1	7	0.0562140941619873	0.0224103390000891
0.6611643847540479	51.60842693494432	15.517805871480016	1	7	0.0567781925201416	0.0216927390001728
0.293935486967937	55.96056169765919	8.600737338943103	0	7	0.0793228149414062	0.0421442510005363
-0.09002513696902426	16.22338431529502	-7.777594941506907	0	7	0.0520250797271728	0.0244347279995054
-0.4121675070433828	34.31846503325177	-26.149117289560234	1	7	0.084662914276123	0.0474618770003871
-0.4640287147512562	9.947475943105182	-16.89900537059534	0	7	0.0767738819122314	0.0397866360008265
-0.38967187664523983	-51.55714658978348	-30.885881801716035	0	7	0.0647110939025878	0.0300755100006426
0.26030892776447057	-5.4964067469549	-8.416468926375774	1	7	0.1042628288269043	0.0638782820005872
0.41017770714217894	-10.830952372003871	-18.3406774839453	1	7	0.1185698509216308	0.0852234889998726
-0.6653336819690832	15.282449824455767	5.082138537824127	1	7	0.0707440376281738	0.0349451530000806
1.1017400889953342	8.265661234143826	1.0940547328966197	1	8	0.0400009155273437	0.0083227490003991
0.01733603963239544	4.5722333487873374	8.60410012482437	1	8	0.0822010040283203	0.0538922609994187
0.3651211231675083	3.193891818394333	11.431068926148003	1	8	0.0345911979675293	0.0017865760000859
0.29704510410626617	-26.177338730415634	12.71257411088249	1	8	0.0559179782867431	0.0292171040000539
0.8400685880578651	-13.06431560360016	-2.6074628350563955	1	8	0.0371971130371093	0.0030845310002405
-1.0355624604544176	-16.09646921001276	2.222635143666052	1	8	0.0374279022216796	0.0030383089997485
0.22773574122143764	-10.114054472126034	3.210484879967792	1	8	0.0394580364227294	0.0030427649999182
-1.8365400093822892	-11.227975690719713	-14.37761677868426	1	8	0.0327098369598388	0.0017590719999134
0.3649594076107465	-28.30805959309098	-0.2752293591246424	1	8	0.0291388034820556	0.0017290360001425
-0.4316740132617189	-31.361400412200336	-12.628459704648316	0	8	0.0379951000213623	0.0089241480000055
-0.3614127000565798	-0.40090167652910536	1.570038835325855	1	8	0.0392820835113525	0.0042306029999963
-0.23270803204874752	-16.438456593786494	-18.23960125062385	0	8	0.0386059284210205	0.0020801260006919
-1.5501440020066053	3.9475032532181644	-3.488507469829295	1	8	0.0299429893493652	0.0020911370002067
0.27833007512925284	-7.338621130747704	-9.397253777108718	1	8	0.0396690368652343	0.0061477930003093
-0.9831008796894054	7.484322889084817	-8.360913914214128	0	8	0.0638549327850341	0.028227369999513
-1.043625542069863	4.804667696288158	-12.643287519590336	0	8	0.0372591018676757	0.0070355190000555
-1.047523429251088	-5.777007279997536	-21.11800308315982	0	8	0.0483369827270507	0.0171738250000998
-0.18314294328956843	-15.74312068262289	-13.068478584853173	1	8	0.0372979640960693	0.0042685449998316
-0.000778948997736062	14.747166919590134	-13.453494997113793	0	8	0.0375270843505859	0.004943894000462
1.0572471680844868	-38.12975787410322	-3.415190158933557	1	8	0.0452079772949218	0.0068561309999495
1.211249148780926	7.833042707981562	-0.809905853079798	1	8	0.0390570163726806	0.0030755760008105
-0.6658946606998706	-39.4610919590942	-22.548097880571753	0	8	0.0449469089508056	0.0132159410004533
0.7653410238110077	-1.6174076288463968	1.6737665176286187	1	8	0.044058084487915	0.0071301199996014
-0.5850150031222046	6.992477341709867	-11.655323367422936	1	8	0.0366008281707763	0.0091162410008109
0.6124119988608472	-28.873229900612895	-7.600373299637646	1	8	0.0378468036651611	0.0048548540007686
-1.1892272766747822	-39.37811433292211	-21.38796136697073	0	8	0.0412750244140625	0.0093948730000192
-1.1352360590721295	-27.20307302570613	-18.538336190102733	0	8	0.0401139259338378	0.0048337239995817
-0.4155452461711982	19.274124026496178	-22.253003088696865	0	8	0.0310060977935791	0.0019509150006342
-1.0355570128055713	39.161253393345575	-0.027269984052319174	1	8	0.0539660453796386	0.0189574309997624
-1.0187534132116032	38.220265497591406	-5.384063660815052	1	8	0.031200885772705	0.0032474620002176
-1.4149705146216212	-16.018121854137817	-3.689647122141854	1	8	0.0388951301574707	0.0090848820000246
-0.5565510755913614	-11.539443866648504	-3.2603340476800042	1	8	0.0409581661224365	0.0121294040000066
-1.2386780426303552	-5.056084231158225	-5.369359953998756	1	8	0.0401639938354492	0.004343362000327
-1.1241993260372287	14.905453252562701	2.4205128318750706	1	8	0.0306489467620849	0.0020341549998192
-0.05679660073909848	-8.776185125053335	5.637532188388387	1	8	0.0422518253326416	0.0052897820005455
-0.8048982359235122	15.51451735754677	-4.592977234086313	1	8	0.0304479598999023	0.0019712929997695
-1.0663028141955506	-16.348811957714638	-17.430851970549902	1	8	0.0324249267578125	0.0020191850007904
-1.4869756526877835	22.88971063311733	0.9438324978680932	1	8	0.0469059944152832	0.0070397680001406
0.3207321466048968	-18.787186950280006	-24.133802999584184	0	8	0.0388181209564209	0.0031159130003288
1.2174501894759395	-33.57072274429156	1.3311101327431567	1	8	0.0475020408630371	0.0041600269996706
-0.39643184396221837	-7.140158342238369	-22.51524985824343	0	8	0.0397911071777343	0.0087978410001596
1.3326568473140843	-24.51482747623205	-2.462839284251853	0	8	0.0310709476470947	0.0019454080002105
0.6074464401803419	-7.602373756114041	-8.18131223072196	1	8	0.0354130268096923	0.0018280009999216
2.063898210802364	7.515627381708903	5.156097154995397	1	8	0.0358099937438964	0.0020029179995617
2.3695212121526077	-33.244192373337135	-6.298746364314714	1	8	0.03413987159729	0.0041915640003935
1.9487401541163947	-31.6907247283031	-7.3663584155218125	1	8	0.0290279388427734	0.0008348589999513
-0.2693315198117519	4.455356705690297	-13.700620590579284	1	8	0.0682239532470703	0.0340284180001617
0.9034451851722225	-17.053352185946164	-15.055987294064574	1	8	0.0314991474151611	0.0030575239998142
0.5436665938638032	-17.565600711946797	-9.937719531557693	1	8	0.0386641025543212	0.005876188000002
-0.8163203294743793	-7.699366232471544	-18.376532513237848	1	8	0.0396788120269775	0.0042998299995815
1.344224036391354	-8.63414401487072	-2.501631499628086	1	8	0.0400090217590332	0.0081455869994897
-0.41731304561821797	-10.063275962080588	-10.525080077748292	1	8	0.0448238849639892	0.0109093920000304
0.42675238089678147	-26.595191467349476	-8.081066233631963	1	8	0.0384039878845214	0.0042856939999182
0.002776846945503453	15.328122724788217	-1.9429097395989214	1	8	0.037524938583374	0.0070923299999776
0.3806355639379678	-23.702199353223932	0.8147166661338066	1	8	0.0338850021362304	0.0007343300003412
-0.256469360011441	32.91802897065374	21.485684459474903	1	8	0.0366649627685546	0.0019804869998552
0.8512401342259619	2.191669955048345	17.819984130414973	1	8	0.0273859500885009	0.0020422789993972
1.2413263303439712	8.326867121553395	20.679251734815907	0	8	0.0418059825897216	0.0046044849996178
0.11728821245565163	-10.416474803407722	4.9614305838458055	0	8	0.0315611362457275	0.0018382150001343
1.1771622131905133	-6.855317711075614	10.34001962419031	1	8	0.0388948917388916	0.0009568659997967
0.08347651003661022	-0.4354409556431178	13.070960861295768	1	8	0.0247919559478759	0.001809781000702
0.03723298027664007	-44.81384580976987	7.6466901209177465	1	8	0.0331149101257324	0.0019397500000195
0.8348624069711634	-5.775016923868634	26.977349928325097	1	8	0.0335268974304199	0.001873978999356
1.6038547538742491	-38.86377456841365	11.382093072486933	1	8	0.0409560203552246	0.002014856999267
-0.43105929432896367	-60.75682697848884	-8.338763741800943	1	8	0.0308520793914794	0.0021325440002328
0.5211296902877964	-24.33004692998251	1.2909704920500251	1	8	0.0299179553985595	0.0019350359998497
-0.06443763001698516	-43.76351309609426	11.102848500569875	1	8	0.0372400283813476	0.0020178129998384
-0.37768046457475674	-64.08144524388348	-11.697162319560418	0	8	0.0435829162597656	0.0058850089999396
0.3555538439904529	-23.50426435027945	13.719751645005458	0	8	0.0389080047607421	0.0059878140000364
0.2831954936379519	-14.672987217684753	-10.336307267378297	1	8	0.0373158454895019	0.0048328739994758
0.4509842618050832	13.892720036655657	7.861718885869006	0	8	0.0390031337738037	0.0030849409995425
1.455779024662813	-24.224150853292084	2.8201861860982564	1	8	0.039687156677246	0.0031172339995464
0.4106016799983244	-30.789023249966977	-7.744345533359661	1	8	0.0350069999694824	0.0031756799999129
1.1443057788935855	-2.29260598540616	-9.82573879908879	1	8	0.0367960929870605	0.0021005629996579
-0.09034288516965033	-3.365674097702733	-20.291442204085037	1	8	0.0327100753784179	0.0020360769995022
0.5481372152967099	-0.6702538989216058	-5.373196222150101	1	8	0.0339241027832031	0.0044252330008021
0.2411060318921769	17.584975937461277	-0.20226833527843846	1	8	0.0375659465789794	0.0082213929999852
0.5847561938852022	29.669291719856826	0.09647206848668777	0	8	0.030876874923706	0.0031452519997401
1.7076723475606865	33.94737785737022	8.042307882050245	1	8	0.0373570919036865	0.0017986650000239
0.994201557142284	64.71401261877848	7.922967517719238	1	8	0.0336711406707763	0.0032170149997909
2.362205890979672	57.37905331670782	29.172324387489518	1	8	0.0382270812988281	0.0042591259998516
1.5342176090874273	42.66250879611828	10.886039828498056	1	8	0.032567024230957	0.0053681429999414
1.573223332418998	48.40787567915136	6.591060474556388	1	8	0.0399560928344726	0.0060177140003361
2.1056263986388237	15.437925728373294	5.010991861672735	1	8	0.0476441383361816	0.0177905979999195
0.6615963264238844	31.689942981857463	-4.2992916943407256	1	8	0.03367280960083	0.0019748900003833
1.651421660307841	15.280259962988243	9.1635797246689	1	8	0.0363149642944336	0.0009938570001395
0.8508828843396912	17.531067159225294	-20.87643227453721	0	8	0.0317161083221435	0.0033281109999734
0.6949146246765165	-6.507794365331549	-3.2663792396207247	1	8	0.0404469966888427	0.0026508220007599
0.3686583378530382	25.628253259802424	-13.958501732692499	1	8	0.0306689739227294	0.0025782329994399
1.613519473853992	26.088521250957676	10.529800400552446	1	8	0.0399777889251709	0.002501089999896
0.5710975119340683	27.82727096691949	5.484427048586599	0	8	0.0420620441436767	0.0025262319995817
0.8900685300127644	18.731643451728733	12.697219590372102	1	8	0.0374600887298584	0.0024856059999365
0.3393624427073056	24.552664413263173	14.134251318815004	1	8	0.041468858718872	0.003215053000531
1.9895144729105316	5.368914807917248	18.07670172502995	1	8	0.0380139350891113	0.0025818849999268
0.2450946241796616	-7.853344330432197	8.748422340266906	1	8	0.0370330810546875	0.0026789319999807
-0.7163818386623018	-16.844230940648966	-10.484062743640061	1	8	0.0378468036651611	0.0025447930001973
0.534990398538105	10.858284063804138	22.133426186266426	0	8	0.0287489891052246	0.0032979460002025
0.9122890322989499	4.637371711151154	18.592344802660655	1	8	0.0332751274108886	0.0056639100002939
1.5844048419297942	-45.53200759603379	1.0552408545230343	0	8	0.030444860458374	0.0033837760001915
0.35598376231637124	-3.1189063319347983	-9.795954213567274	1	8	0.0283610820770263	0.0009564230003888
1.0816293992277104	37.36626639991877	18.13556822756741	1	8	0.0397207736968994	0.003373571999873
1.547782403009209	21.187132908065788	16.27345726777763	1	8	0.0397350788116455	0.0025343930001326
1.7363976455180623	25.0125834705475	18.157191423865342	0	8	0.0377881526947021	0.0033349519999319
2.1276956603410784	46.11122683737327	23.583829239153587	0	8	0.0362718105316162	0.0034470500004317
1.4266098696566616	2.865391290356668	7.398248782771446	0	8	0.040024995803833	0.002553457000431
1.8433293566337834	62.6084306813078	47.4174310947101	1	8	0.0384230613708496	0.0041588760004742
0.3587447105863883	18.24825476785618	7.1387503525050935	0	8	0.0395610332489013	0.0009638890005589
1.4835189028779834	21.851209999092863	37.322983214119645	1	8	0.0415489673614502	0.0041165410002577
1.527605880169438	53.23310364418189	18.641983309969383	1	8	0.0366239547729492	0.0033164280002893
0.19603377215880302	59.231664006124575	14.96524607887707	1	8	0.0375020503997802	0.0025337070001114
1.0814880689001467	42.91919559187091	13.637107663026544	0	8	0.0313928127288818	0.0009747909998623
-1.075588084055819	17.96880208452744	-4.294243638341804	0	8	0.0354769229888916	0.0025436289997742
-1.1199589466073752	35.01935934998768	14.265303515882495	1	8	0.0376970767974853	0.0027572150002015
-1.5985641807963644	-20.352391783398325	-14.693734620078544	0	9	0.0263409614562988	0.0008499329996993
-1.0420227074484	-49.1258762103601	-11.987583021554759	0	9	0.0309209823608398	0.0019084189998466
-0.4472819454829302	6.013313015413671	19.45784231906442	1	9	0.0390398502349853	0.0082499689997348
0.4359162951603327	1.8150278781104967	12.48242763822065	1	9	0.0304360389709472	0.000827740999739
0.8704099864794075	7.982972519353006	20.266573849064333	1	9	0.0356049537658691	0.0007546229999206
0.0979405538282623	1.2778431274551971	21.96719242440657	1	9	0.0311670303344726	0.000850741999784
0.5510576072500035	-18.11485073698648	10.910851819777175	0	9	0.0516080856323242	0.0242552299996532
0.21280254422187894	59.2371023744305	15.853339449468296	0	9	0.0289971828460693	0.0008662999998705
1.1537564857074054	23.99699294947305	17.055235939019873	1	9	0.0358309745788574	0.0007635130004928
2.1298141443940475	38.87889629395018	32.992410368466615	1	9	0.0519080162048339	0.0179073389999757
1.4790741993043222	30.182886155129957	20.749226202699145	1	9	0.0372490882873535	0.0008323760002895
0.9698710401450299	57.0188402209876	30.0846958616158	1	9	0.0358741283416748	0.000905892999981
1.2274753244230494	28.024511846750297	21.607393741245662	1	9	0.0302290916442871	0.0009698589992694
0.34002361658981706	15.83140551663799	29.901743703606513	1	9	0.0400919914245605	0.0009019620001708
0.5076892325441604	-2.855729731208184	20.756597004144556	1	9	0.0409281253814697	0.0019710460001078
0.062315113431311686	-20.184157958266116	21.779409368556788	1	9	0.0309197902679443	0.0009659209999881
0.2502431954998948	-3.6634124181994148	4.561589519717521	1	9	0.0382649898529052	0.0008319400003529
0.266323436727214	-16.529484856562725	28.71618974282281	0	9	0.0431430339813232	0.0007993569997779
0.9902942931627723	1.5756318083222485	15.029268629979567	1	9	0.0302951335906982	0.0007400739996228
0.32655253552918195	-24.84931447001132	29.047721436212317	1	9	0.0251150131225585	0.0007715539995842
-0.3831307549596724	-21.006300873050176	7.4403175911717945	1	9	0.0314829349517822	0.0007690789998378
-0.6128259235229256	17.243330414539972	12.595209627857137	1	9	0.0273518562316894	0.0008101250004983
0.2569374698326281	35.88713049378021	28.50922756855416	0	9	0.0312509536743164	0.0019672890002766
-0.08850072287774968	44.26813651543634	-0.7911500637373534	0	9	0.0310750007629394	0.0008505209998475
0.15887977150940014	51.34276207409513	16.830992940744036	0	9	0.0273451805114746	0.0010043570000561
0.6252665425194799	37.115276254254695	9.203054576641838	1	9	0.0293929576873779	0.000875910999639
1.1379141491568818	54.52932407882963	24.060833199455733	1	9	0.0297601222991943	0.0007817010000508
1.1831084584032703	69.49536205177473	17.059333491111683	1	9	0.0318870544433593	0.0006113030003689
0.514988585301658	45.880010656077616	31.244333261408702	1	9	0.0300500392913818	0.0019969349996245
1.099193144956736	60.48792511678933	23.348467303314916	1	9	0.023684024810791	0.0007712309998169
0.4666682822428056	30.450823308095767	22.441015610640672	1	9	0.0333969593048095	0.0008094290005828
0.651390368997238	34.81725651782475	17.354427577898523	1	9	0.0280120372772216	0.000916758999665
0.6180579384734348	42.10095505155443	24.99089053267574	0	9	0.0271790027618408	0.0007463839992851
0.2855098884956903	52.72070557566584	27.201800523466567	1	9	0.028900146484375	0.0007840029993531
0.5841417474487283	25.53401628835267	24.82862557311695	0	9	0.0275599956512451	0.0008503259996359
0.524011234681629	41.68257776820611	19.97417426557645	0	9	0.0337929725646972	0.0019441439999354
1.017676150892124	23.148148641583994	25.03143584033719	1	9	0.0324089527130126	0.0008029619993976
1.072407056566273	-9.702551576075582	5.219389703775103	1	9	0.0344798564910888	0.0008568599996578
1.3450050257848076	-11.75361526832343	25.24920685396088	1	9	0.0439000129699707	0.0010728670004027
1.4149424472327425	-3.314544311584794	16.54299776617625	1	9	0.0356659889221191	0.0008877210002538
0.9568235462418002	1.2237709833861181	22.826000185863844	1	9	0.0298991203308105	0.0008534069993402
0.4933223626857088	7.972055753561482	18.090509435719866	1	9	0.0387499332427978	0.0008078900000327
1.2431121985045601	17.130426523822436	19.53312405830059	1	9	0.0357580184936523	0.0007856120000724
0.6338482344175387	1.9200071295210186	3.1173061310127306	1	9	0.0370829105377197	0.0008553880006729
1.1243526127233134	26.945241471326472	10.621449543615764	1	9	0.0315408706665039	0.000773196999944
0.5415335177918599	20.75761060799527	10.896866692142885	1	9	0.0298020839691162	0.0006409959996744
0.7162045537705944	34.92019161464541	12.102920783616888	1	9	0.0346388816833496	0.0009080179997908
-0.07396993773807548	34.171193499691455	6.259585380350502	1	9	0.029477834701538	0.0008638899998913
0.7808264025127503	41.226498534047586	22.612798257275433	1	9	0.0281109809875488	0.0007168189995354
-0.7954156959773853	19.275066973620905	-1.8537833299637996	1	9	0.0261039733886718	0.0007808390000718
0.14271627378519394	15.000252582706516	25.14708394062686	0	9	0.0278489589691162	0.0007794459997967
-0.012064862431371726	-5.630493096087973	15.536680220493038	1	9	0.0345089435577392	0.0007683879994146
-0.10661669565480769	23.296123556564	26.9519767801609	0	9	0.0288178920745849	0.0008048640002016
-0.24644195458942908	31.184455154831245	16.89999799342762	1	9	0.0333960056304931	0.0008736099998714
-0.8606518164400114	5.990992506195906	16.9934441431057	0	9	0.0309271812438964	0.0007912539995231
-0.4006568395023917	19.84908962113551	11.623607475780634	1	9	0.0282301902770996	0.0008518109998476
-1.2086500887029223	7.285890207654242	8.23991297677635	0	9	0.0286710262298584	0.0009163410004475
-0.4042148473932351	-0.4239243312993246	-4.400558730078543	0	9	0.032250165939331	0.0017876869997053
-0.30759825434215715	28.00022261450658	6.623200660464435	1	9	0.0301790237426757	0.000829794999845
-0.635547064766464	47.30295054188888	-2.4875467788079355	1	9	0.035621166229248	0.0007511610001529
-0.12017506622752144	21.708042946340136	-6.252825269582637	1	9	0.0273859500885009	0.0007590289997096
-0.07896274161859856	13.29457999333416	-13.62159493892911	0	9	0.0359489917755126	0.0042276030007997
-0.06002665588531114	13.207707748508675	-16.796278086092727	1	9	0.0314490795135498	0.0007790729996486
0.5664374299761112	21.77499129947462	-8.078817965594023	1	9	0.0322251319885253	0.0007949909995659
0.43380039109503377	29.30129392294254	-11.545017219214856	1	9	0.0357899665832519	0.0009522070004095
0.659494509970548	26.38453752928383	-2.270202342721304	1	9	0.0322449207305908	0.0007870950003052
-0.008926109852470665	0.6239812659231905	0.7243195309993993	1	9	0.0269029140472412	0.0008812639998723
0.27845493104789854	31.746319333610426	-3.7581049294617346	1	9	0.0286331176757812	0.0009471780003877
-0.1667034492308328	8.629024835012363	3.0431666757779237	1	9	0.030768871307373	0.0007945679999465
0.3389896242548258	12.587750122997534	-1.3730008694727387	1	9	0.0291101932525634	0.0019408239995755
0.4518819441342691	-7.182484378122543	17.10833861382101	1	9	0.0312669277191162	0.0008086119996733
0.0777120364935352	9.124044463227127	10.68660559778944	1	9	0.0298049449920654	0.0019048309995923
-0.6157120725617697	-22.382308227677438	2.507473494825062	0	9	0.0283780097961425	0.0008380829995076
-0.07036147433702261	7.296497043580481	14.53590622353391	1	9	0.0300400257110595	0.0008334300000569
-0.3523273026731052	14.847503526686651	14.090278730531121	1	9	0.0329699516296386	0.0006210339997778
-0.3824771671687076	29.78073512257806	-5.378138509464694	1	9	0.03025484085083	0.000900539000213
-0.8973332580401556	9.360644180394475	9.240786329049381	1	9	0.0309588909149169	0.0006594199994651
-0.0032686277505770134	-28.82359323557008	4.301030486861035	0	9	0.0292699337005615	0.0008039159993131
-0.009403083392138856	4.177609645715632	24.495149495002007	1	9	0.0342268943786621	0.0009826510004131
-0.3447516462160556	-20.946484908344367	0.26464884178033166	0	9	0.0287251472473144	0.000837839000269
-0.03001995680513958	-3.01168366755694	0.04256883515768006	0	9	0.0281679630279541	0.000805302000117
-0.062195301504465506	25.025713447763714	-0.4803523676847903	1	9	0.0296430587768554	0.0008826919993225
0.26614787064644224	11.001845993356259	14.070693604989568	1	9	0.0288150310516357	0.0019353249999767
0.4157441388852998	30.50468490939456	-4.4265385670170865	0	9	0.0436298847198486	0.0019699699996635
0.2060536707144646	21.687733916250824	0.2535397318957424	1	9	0.0359630584716796	0.0008016789997782
0.14907374960792596	18.651178573839275	-17.76488882560854	0	9	0.0304481983184814	0.0007864229992264
0.5731855753254383	53.152958114184855	-0.7945701508313665	0	9	0.0370881557464599	0.0008033999993131
0.11289423169362856	33.50215410068847	1.0174118611384715	1	9	0.0250990390777587	0.0008100519999061
0.021055265181767924	40.145173172420165	10.713578105809905	1	9	0.0291028022766113	0.0006857539992779
0.18928651268211627	38.536842182814674	5.789074592954463	1	9	0.0304310321807861	0.0007724990000497
-0.15979451240846998	36.35916484623016	14.580039668558296	1	9	0.0294480323791503	0.0006953479996809
-0.41325297950474615	28.017735798775966	10.624841587335574	1	9	0.0301570892333984	0.0008111090000966
0.19303250252217913	7.278838367436896	2.7725705054272574	0	9	0.0281729698181152	0.0008995409998533
-1.0857222402645874	16.6492070992473	4.289999160793747	0	9	0.0320191383361816	0.0030679539995617
-0.3440314154275874	13.838384640185579	9.11755681139383	0	9	0.0289709568023681	0.0006766570004401
-0.5356182908046718	34.72492238929143	-3.413960960544422	1	9	0.0296158790588378	0.0007515450006394
0.6198166017297169	10.60089254895112	-2.2512591926508723	1	9	0.0273981094360351	0.0008670929992149
-0.31470905782745884	12.025505292418275	-2.9365731895226492	1	9	0.0287868976593017	0.0007891670002209
0.03660368547913484	8.16426826813135	-7.969622349333527	0	9	0.0286908149719238	0.0007574150004074
0.24782968999086263	8.977296837153915	3.2430568272308262	1	9	0.0305931568145751	0.0008010210003703
0.010927554199863132	2.5957426600906874	10.698244899263665	0	9	0.0278308391571044	0.0008170870005415
0.8464285560909615	-5.490092575199417	3.120280969706437	1	9	0.0281610488891601	0.0008161499990819
-0.8422914196079414	2.8443361446800113	5.633842296488547	0	9	0.0256640911102294	0.0008679399998072
0.750330636624583	22.75523606960153	27.422608117779486	1	9	0.02935791015625	0.00083941199955
0.5603455840346203	-15.984399398738265	-0.7140227280947002	0	9	0.0280430316925048	0.0007923069988464
1.5420540089291488	11.170595630493558	31.264400585852105	1	9	0.0294320583343505	0.0007966239991219
1.1294906585561222	-15.141135788746173	9.26112499491496	1	9	0.0313348770141601	0.0007998179989954
1.3162003247484497	13.497806310557014	25.536185464436482	0	9	0.0279150009155273	0.0008255480006482
0.10397778658274964	23.540446798263492	26.774824968427257	1	9	0.0278530120849609	0.0008513190005032
1.4982998617209922	-11.958239438794207	-26.46975810219465	0	10	0.0272347927093505	0.0008693259987921
1.9847405482477847	-9.74421875055037	-4.734092076308366	1	10	0.0310320854187011	0.0008376410005439
-0.9328660294295832	33.59818269108238	-23.155277247056265	0	10	0.0274879932403564	0.0009515660003671
1.5913376466892482	24.30953072042009	-9.928736392899923	0	10	0.0298490524291992	0.0007398049983748
-0.2809764480356295	-43.27424021979768	10.723601954102007	1	10	0.0323247909545898	0.0008334750000358
-0.3340446686528773	60.8137734594622	-11.853846718898353	1	10	0.0325229167938232	0.0008810810013528
-0.08233828067425997	-27.808332941152873	-24.406625557512644	1	10	0.0316948890686035	0.0008697770008438
0.44619498665816737	31.172527445988333	-12.01917318349594	1	10	0.029958963394165	0.0009131200004048
-1.4416991441444422	-5.956359000729886	-24.105621553407826	1	10	0.0293600559234619	0.0008532130013918
-0.9904894790962284	35.96945153040254	6.6364922827324655	1	10	0.0293779373168945	0.0008321130007971
-0.06503122214222823	1.3553169092592132	1.5084403645319915	1	10	0.0307748317718505	0.0008319619992107
-1.0557776774309875	-22.64071877255553	-19.076575000855357	0	10	0.0295641422271728	0.0008166009993146
0.8724501228074735	1.9677170084775082	-2.305804653732287	1	10	0.0321588516235351	0.0008974720003607
0.10014664769484816	18.672230088426165	10.620331535780936	1	10	0.0285930633544921	0.0009447270003875
0.5049478196785723	-11.291697366623652	-12.899385129936618	1	10	0.0294520854949951	0.0007450639986927
0.9284383550589521	15.505063831331235	4.049682044404456	1	10	0.0312378406524658	0.0007921140004327
-1.6515008746409838	-6.251235493938086	-13.548804519104689	1	10	0.0285429954528808	0.000614647000475
-1.923481720109021	7.066819923825609	-2.356571295907282	1	10	0.0293831825256347	0.0008530430004611
-0.7196516915792577	21.84953480894065	5.651822733663076	1	10	0.0304369926452636	0.0006196529993758
0.1812499281205197	21.1539538119511	6.913948711958266	1	10	0.033200979232788	0.0008300030003738
-2.129723265603466	26.92712379854223	-15.226060102385157	0	10	0.0273339748382568	0.0009462949983571
-0.7973470130041329	54.12278452498193	5.849186526116119	1	10	0.0332920551300048	0.0010836599994945
-1.1465337080892863	42.08342688064685	9.196639339998221	1	10	0.0314719676971435	0.0009910379994835
-0.8808409010921441	30.223711480751323	3.747746232703826	1	10	0.0303130149841308	0.0008968919992184
-0.13976992106926084	31.137432865285046	-10.114554875159953	0	10	0.0309188365936279	0.0009285630003432
-1.6645329363506343	-10.698639152657789	-8.966004749617257	0	10	0.0311300754547119	0.0009578049994161
-0.26414032242276686	-30.840304257668006	-5.919355592522777	0	10	0.0344951152801513	0.0008118929999909
0.1416371941882396	-48.43825698828227	14.883805949156493	1	10	0.0290229320526123	0.0009323569993284
-0.6212776072769164	0.07352748850013202	6.549444076563367	1	10	0.028404951095581	0.0008855590003804
1.3546233549242443	-21.793706409184995	18.183818438670695	1	10	0.0338659286499023	0.0008296760006487
-0.12592428630263125	12.773842817475593	8.783572359177837	1	10	0.029088020324707	0.0010597319997032
-0.9139323691624759	4.249352401660291	14.654616302911217	1	10	0.0326490402221679	0.0009541290000925
0.7165754692454492	19.355916355727953	7.468637533280111	0	10	0.0295779705047607	0.0007955999990372
0.6525879790266829	9.128783575256168	15.95452750011613	1	10	0.036545991897583	0.0010012610000558
0.0822317305730863	5.5127453364280825	27.097701688803248	1	10	0.0320470333099365	0.0009185729995806
1.0992784289820912	-13.877867927524498	4.2729988111890105	0	10	0.0310859680175781	0.0009303110000473
0.8816683654704436	4.852746265327536	17.82354484285213	1	10	0.0341460704803466	0.0009887539999908
-0.11121549358674254	-1.440773757569424	10.191272774375662	1	10	0.0347440242767334	0.0008020009991014
0.468457148688857	27.690101139810164	24.126498915948346	1	10	0.0298159122467041	0.0007996869990165
0.7010925236270568	-0.4317955889015648	-2.016330006937529	0	10	0.0320839881896972	0.0010205569997197
0.49838675377926006	26.87142581103167	24.96544153602957	1	10	0.0320229530334472	0.0009355580004921
0.4511004584096949	7.952386904745813	3.8250078511217596	1	10	0.029681921005249	0.0009002599999803
0.7529327369804977	28.026172693270848	19.132453639333168	1	10	0.0287349224090576	0.0010105709989147
-0.9719834551975297	9.045050518187132	4.051677789577747	1	10	0.0275599956512451	0.0010113900007127
-0.20056706920489575	3.6393564581365503	6.206301726718815	0	10	0.0303699970245361	0.0010104720004164
-0.5017482396611663	29.009190847979593	19.55514674608285	1	10	0.0339741706848144	0.0009657659993536
-1.9283244734514997	15.511474168782984	1.6466943000432335	1	10	0.0316250324249267	0.0010185589999309
-0.9878940849028797	57.70718850830318	8.45919810412236	1	10	0.0328011512756347	0.000805080999271
-2.7890170825767875	1.6949512409029894	-2.4342680508543917	1	10	0.032336950302124	0.0009355129986943
-1.2411867818544744	27.35391818986235	0.33701728334504866	1	10	0.0302820205688476	0.0010852790001081
-3.456212932235678	10.080624071918907	-4.769894903732554	1	10	0.0299501419067382	0.0009860829995886
-2.032931609113248	49.91853319341196	8.719367260439085	0	10	0.0299131870269775	0.0009311030007665
-0.9569356169532566	55.62602430321327	7.160757979263337	1	10	0.0289030075073242	0.0009833410003921
-0.7672863880252685	-3.0465508519750557	0.23076965137168282	0	10	0.0263299942016601	0.0009772189987415
-0.24308843757886378	6.49517518767216	-3.9456911720819856	0	10	0.0310509204864501	0.0009622399993531
-0.4422898575066747	-7.266010040609803	-2.9358822077795685	1	10	0.0316579341888427	0.0010826500001712
-0.894530122986068	-16.203448733259517	8.41550872056018	1	10	0.031836986541748	0.0008148079996317
0.27279342666650297	-14.931429686509922	11.389643426999045	1	10	0.0337300300598144	0.0009584179988451
-0.1760126830371886	1.323510588387869	7.743811794770586	1	10	0.0300068855285644	0.0007969039997988
0.1678391353006794	-8.655038933647667	10.881466540829429	1	10	0.0305640697479248	0.0010584269984974
0.9569636625557201	-35.83089843823444	10.069013386642029	1	10	0.0315229892730712	0.0009781540011317
1.15891915182215	42.512915926631415	21.471720516610038	1	10	0.0341761112213134	0.0008233600001403
-0.4200798687444949	-25.26463309006994	7.462939542775999	0	10	0.03019380569458	0.0009570639995217
1.096985097683227	35.98599209773934	31.656736369790753	1	10	0.0306580066680908	0.0009598590004316
0.861111837057051	25.74786707343815	28.450227326598583	1	10	0.0350348949432373	0.0009007429998746
0.37605298377333785	7.981795551988727	7.508519596333645	1	10	0.0279328823089599	0.0009523509997961
-0.013320977209077878	27.146312832742964	29.592971307248828	1	10	0.0313928127288818	0.0010896809999394
1.062736024679994	-14.782687684344797	2.59830128288353	0	10	0.0311441421508789	0.000943103001191
1.4587559672625654	-5.24229679236479	-11.149174972270083	0	10	0.0310800075531005	0.0010321639983885
-0.011669159770265058	18.2196901831298	-5.253865780512095	1	10	0.027289867401123	0.0009733520000736
1.5050309034696014	10.377167201430064	12.47147658262829	1	10	0.0323350429534912	0.0008344800007762
0.09162815391691859	5.6623071121871185	6.980508699776019	1	10	0.0293028354644775	0.000840144999529
0.038368293687160215	4.384940953126578	9.338646935242501	1	10	0.0290310382843017	0.0008039540007303
0.9155548177206809	4.145900249764633	9.920433059813584	1	10	0.03106689453125	0.001042050000251
0.3142008782579122	32.27478163432745	4.935766708769364	1	10	0.0276761054992675	0.0009024529990711
2.0204835885065977	45.24932615885139	22.889014244482144	1	10	0.0319890975952148	0.0010549759990681
-0.5595053089023041	3.1475346580243695	-0.10911317147102784	1	10	0.0305979251861572	0.002531710999392
0.8939642505168208	39.446696920434725	18.55532744534462	1	10	0.0341629981994628	0.0009164679995592
0.1229962662550601	2.0459087803071956	9.273566913065757	0	10	0.0301709175109863	0.0009504000008746
0.312356746932935	14.60468856800539	3.9421118342336787	1	10	0.0354938507080078	0.0010309760000382
-1.743194706353489	-3.192840881706468	-11.387719092329492	1	10	0.0315308570861816	0.0025093290005315
-0.3378862610708723	26.714707971348272	-6.977388256337367	0	10	0.0322210788726806	0.0010953340006381
-0.19006056643110159	12.710506369538244	-14.711210267117051	1	10	0.0340070724487304	0.0010026239997387
0.3009355101445984	7.608065135992245	-2.7753739244397475	1	10	0.0317819118499755	0.0009050400003616
0.4614724940495692	1.7460021071239915	11.480144816436278	1	10	0.0368580818176269	0.0009636449995014
0.9687517436939939	28.826623326015426	7.318250007067347	1	10	0.0374200344085693	0.0010510469983273
0.6575713382899231	21.78406666442896	12.527783285301545	1	10	0.0331878662109375	0.001072187000318
-0.07077649228525451	16.798645989452233	-6.292533804127068	1	10	0.030797004699707	0.0010791130007419
0.8565956663283523	14.80941795878907	12.827640000464152	0	10	0.0329639911651611	0.0009838360001594
0.7136397368506795	-3.7900526116744704	5.115257977049561	1	10	0.0309970378875732	0.0010932219993264
0.37299033210548116	22.081504185125855	8.215330060264156	0	10	0.0340540409088134	0.0009823670006881
0.7058191559262381	13.328133404665575	10.084319940453126	1	10	0.0359210968017578	0.0010560080008872
0.6011585238363857	1.6134291270091021	28.891121097562372	1	10	0.0295729637145996	0.0010979549988405
0.6790501137328576	58.49321246074414	32.10885487568516	1	10	0.0300540924072265	0.0009969610000553
1.0760020612408159	18.008141713279244	30.512368547369743	1	10	0.0263590812683105	0.0009492690005572
0.39069560910225143	32.975748582420586	25.112764340791422	1	10	0.0283679962158203	0.000947910000832
1.7919852503983842	41.074830757923415	20.04743497504099	0	10	0.0267970561981201	0.0010136599994439
0.5455530628067466	28.466369118173784	32.45103154769869	1	10	0.031768798828125	0.0009984670014091
2.2462064592308675	15.264978284945547	21.26059809940779	0	10	0.0308780670166015	0.0010645399997883
0.8807165526544978	25.30817963501458	22.338860273577108	0	10	0.0295691490173339	0.0010126289998879
2.5858232868270963	33.16035783821431	32.06649899568662	1	10	0.0303521156311035	0.0009885609997581
2.021305300217361	0.13524923216115625	19.842237231139027	1	10	0.0302379131317138	0.0010071079996123
1.1810157392134473	6.167098351062595	20.502321167099442	1	10	0.0292179584503173	0.000959580998824
0.5256041067507655	3.2417707958629576	6.522219722047074	1	10	0.031599998474121	0.0010372280012234
0.8452430810736647	-5.998319131822795	8.227737588195373	1	10	0.0302739143371582	0.0011111450003227
1.010511431849386	-6.858949934478012	4.8208729041282865	1	10	0.0297801494598388	0.0009899940014292
1.6867907582582413	-3.6263097586599233	0.2348745304477835	1	10	0.0299389362335205	0.0009320019998995
1.2424236062829763	-11.269658813068597	-0.23484530819911908	1	10	0.0318059921264648	0.0009585510015313
0.5233076647652827	-12.228546557739229	-3.259365405805242	1	10	0.0325009822845459	0.0010485670009074
1.2448159439444801	0.6006055669536672	2.728132073084533	1	10	0.0304830074310302	0.0009808609993342
